ctime,relname,pid,mode,granted
1440043223.85988,customer,1334,RowExclusiveLock,t
1440043223.85988,lineitem,1336,RowExclusiveLock,t
1440043223.85988,nation,1347,AccessExclusiveLock,t
1440043223.85988,nation,1347,ShareLock,t
1440043223.85988,orders,1340,RowExclusiveLock,t
1440043223.85988,part,1332,RowExclusiveLock,t
1440043223.85988,partsupp,1337,RowExclusiveLock,t
1440043223.85988,pg_locks,1369,AccessShareLock,t
1440043223.85988,supplier,1333,RowExclusiveLock,t
1440043283.8645,customer,1334,RowExclusiveLock,t
1440043283.8645,lineitem,1336,RowExclusiveLock,t
1440043283.8645,orders,1340,RowExclusiveLock,t
1440043283.8645,part,1332,RowExclusiveLock,t
1440043283.8645,partsupp,1337,RowExclusiveLock,t
1440043283.8645,pg_locks,1414,AccessShareLock,t
1440043283.8645,pg_stat_activity,1416,AccessShareLock,t
1440043283.8645,pg_stat_all_indexes,1418,AccessShareLock,t
1440043283.8645,pg_stat_all_tables,1417,AccessShareLock,t
1440043283.8645,pg_stat_database,1415,AccessShareLock,t
1440043283.8645,pg_statio_all_indexes,1418,AccessShareLock,t
1440043283.8645,pg_statio_all_tables,1417,AccessShareLock,t
1440043283.8645,pg_statistic,1416,AccessShareLock,t
1440043283.8645,pg_statistic_relid_att_inh_index,1416,AccessShareLock,t
1440043343.86482,customer,1428,ShareLock,f
1440043343.86482,customer,1429,ShareLock,f
1440043343.86482,customer,1430,ShareLock,f
1440043343.86482,customer,1427,ShareLock,f
1440043343.86482,customer,1426,AccessExclusiveLock,t
1440043343.86482,customer,1426,ShareLock,t
1440043343.86482,lineitem,1336,RowExclusiveLock,t
1440043343.86482,orders,1340,RowExclusiveLock,t
1440043343.86482,part,1332,RowExclusiveLock,t
1440043343.86482,partsupp,1337,RowExclusiveLock,t
1440043343.86482,pg_cast,1441,AccessShareLock,t
1440043343.86482,pg_cast_source_target_index,1441,AccessShareLock,t
1440043343.86482,pg_index,1438,AccessShareLock,t
1440043343.86482,pg_locks,1437,AccessShareLock,t
1440043343.86482,pg_stat_activity,1440,AccessShareLock,t
1440043343.86482,pg_stat_all_indexes,1438,AccessShareLock,t
1440043343.86482,pg_stat_all_tables,1441,AccessShareLock,t
1440043343.86482,pg_stat_database,1439,AccessShareLock,t
1440043343.86482,pg_statio_all_indexes,1438,AccessShareLock,t
1440043343.86482,pg_statio_all_tables,1441,AccessShareLock,t
1440043403.86618,lineitem,1336,RowExclusiveLock,t
1440043403.86618,orders,1340,RowExclusiveLock,t
1440043403.86618,part,1451,ShareLock,t
1440043403.86618,part,1450,ShareLock,t
1440043403.86618,part,1449,ShareLock,t
1440043403.86618,partsupp,1337,ExclusiveLock,t
1440043403.86618,partsupp,1337,RowExclusiveLock,t
1440043403.86618,pg_locks,1463,AccessShareLock,t
1440043403.86618,pg_stat_activity,1462,AccessShareLock,t
1440043403.86618,pg_stat_all_indexes,1465,AccessShareLock,t
1440043403.86618,pg_stat_all_tables,1464,AccessShareLock,t
1440043403.86618,pg_stat_database,1466,AccessShareLock,t
1440043403.86618,pg_statio_all_indexes,1465,AccessShareLock,t
1440043403.86618,pg_statio_all_tables,1464,AccessShareLock,t
1440043463.86856,lineitem,1336,RowExclusiveLock,t
1440043463.86856,orders,1340,RowExclusiveLock,t
1440043463.86856,part,1451,ShareLock,t
1440043463.86856,partsupp,1337,ExclusiveLock,t
1440043463.86856,partsupp,1337,RowExclusiveLock,t
1440043463.86856,pg_index,1478,AccessShareLock,t
1440043463.86856,pg_index,1476,AccessShareLock,t
1440043463.86856,pg_index_indexrelid_index,1476,AccessShareLock,t
1440043463.86856,pg_index_indrelid_index,1476,AccessShareLock,t
1440043463.86856,pg_locks,1477,AccessShareLock,t
1440043463.86856,pg_namespace,1476,AccessShareLock,t
1440043463.86856,pg_stat_all_indexes,1476,AccessShareLock,t
1440043463.86856,pg_stat_all_tables,1478,AccessShareLock,t
1440043463.86856,pg_stat_database,1479,AccessShareLock,t
1440043463.86856,pg_statio_all_indexes,1476,AccessShareLock,t
1440043463.86856,pg_statio_all_tables,1478,AccessShareLock,t
1440043523.87006,lineitem,1336,RowExclusiveLock,t
1440043523.87006,orders,1340,RowExclusiveLock,t
1440043523.87006,partsupp,1337,RowExclusiveLock,t
1440043523.87006,pg_index,1493,AccessShareLock,t
1440043523.87006,pg_index,1494,AccessShareLock,t
1440043523.87006,pg_locks,1491,AccessShareLock,t
1440043523.87006,pg_namespace,1493,AccessShareLock,t
1440043523.87006,pg_namespace,1494,AccessShareLock,t
1440043523.87006,pg_stat_all_indexes,1494,AccessShareLock,t
1440043523.87006,pg_stat_all_tables,1493,AccessShareLock,t
1440043523.87006,pg_stat_database,1492,AccessShareLock,t
1440043523.87006,pg_statio_all_indexes,1494,AccessShareLock,t
1440043523.87006,pg_statio_all_tables,1493,AccessShareLock,t
1440043583.87216,lineitem,1336,RowExclusiveLock,t
1440043583.87216,orders,1340,RowExclusiveLock,t
1440043583.87216,partsupp,1337,RowExclusiveLock,t
1440043583.87216,pg_amop,1506,AccessShareLock,t
1440043583.87216,pg_amop_opr_fam_index,1506,AccessShareLock,t
1440043583.87216,pg_index,1506,AccessShareLock,t
1440043583.87216,pg_index,1505,AccessShareLock,t
1440043583.87216,pg_locks,1504,AccessShareLock,t
1440043583.87216,pg_namespace,1506,AccessShareLock,t
1440043583.87216,pg_namespace,1505,AccessShareLock,t
1440043583.87216,pg_stat_all_indexes,1505,AccessShareLock,t
1440043583.87216,pg_stat_all_tables,1506,AccessShareLock,t
1440043583.87216,pg_stat_database,1507,AccessShareLock,t
1440043583.87216,pg_statio_all_indexes,1505,AccessShareLock,t
1440043583.87216,pg_statio_all_tables,1506,AccessShareLock,t
1440043643.87501,lineitem,1336,RowExclusiveLock,t
1440043643.87501,orders,1340,RowExclusiveLock,t
1440043643.87501,partsupp,1510,AccessExclusiveLock,f
1440043643.87501,partsupp,1511,ShareLock,t
1440043643.87501,pg_index,1522,AccessShareLock,t
1440043643.87501,pg_index,1524,AccessShareLock,t
1440043643.87501,pg_index_indexrelid_index,1522,AccessShareLock,t
1440043643.87501,pg_index_indexrelid_index,1524,AccessShareLock,t
1440043643.87501,pg_index_indrelid_index,1522,AccessShareLock,t
1440043643.87501,pg_index_indrelid_index,1524,AccessShareLock,t
1440043643.87501,pg_locks,1523,AccessShareLock,t
1440043643.87501,pg_namespace,1522,AccessShareLock,t
1440043643.87501,pg_namespace,1524,AccessShareLock,t
1440043643.87501,pg_namespace_nspname_index,1524,AccessShareLock,t
1440043643.87501,pg_namespace_nspname_index,1522,AccessShareLock,t
1440043643.87501,pg_namespace_oid_index,1522,AccessShareLock,t
1440043643.87501,pg_namespace_oid_index,1524,AccessShareLock,t
1440043643.87501,pg_opclass,1522,AccessShareLock,t
1440043643.87501,pg_opclass_am_name_nsp_index,1522,AccessShareLock,t
1440043643.87501,pg_stat_all_indexes,1522,AccessShareLock,t
1440043643.87501,pg_stat_all_tables,1524,AccessShareLock,t
1440043643.87501,pg_stat_database,1521,AccessShareLock,t
1440043643.87501,pg_statio_all_indexes,1522,AccessShareLock,t
1440043643.87501,pg_statio_all_tables,1524,AccessShareLock,t
1440043703.8751,lineitem,1336,RowExclusiveLock,t
1440043703.8751,orders,1340,RowExclusiveLock,t
1440043703.8751,partsupp,1510,ShareLock,t
1440043703.8751,partsupp,1510,AccessExclusiveLock,t
1440043703.8751,pg_locks,1533,AccessShareLock,t
1440043703.8751,pg_rewrite,1536,AccessShareLock,t
1440043703.8751,pg_stat_activity,1534,AccessShareLock,t
1440043703.8751,pg_stat_all_indexes,1537,AccessShareLock,t
1440043703.8751,pg_stat_all_tables,1536,AccessShareLock,t
1440043703.8751,pg_stat_database,1535,AccessShareLock,t
1440043703.8751,pg_statio_all_indexes,1537,AccessShareLock,t
1440043703.8751,pg_statio_all_tables,1536,AccessShareLock,t
1440043763.87737,lineitem,1336,RowExclusiveLock,t
1440043763.87737,orders,1340,RowExclusiveLock,t
1440043763.87737,pg_index,1551,AccessShareLock,t
1440043763.87737,pg_locks,1548,AccessShareLock,t
1440043763.87737,pg_stat_activity,1549,AccessShareLock,t
1440043763.87737,pg_stat_all_indexes,1551,AccessShareLock,t
1440043763.87737,pg_stat_all_tables,1552,AccessShareLock,t
1440043763.87737,pg_stat_database,1550,AccessShareLock,t
1440043763.87737,pg_statio_all_indexes,1551,AccessShareLock,t
1440043763.87737,pg_statio_all_tables,1552,AccessShareLock,t
1440043823.87954,lineitem,1336,RowExclusiveLock,t
1440043823.87954,orders,1340,RowExclusiveLock,t
1440043823.87954,pg_locks,1570,AccessShareLock,t
1440043823.87954,pg_stat_activity,1571,AccessShareLock,t
1440043823.87954,pg_stat_all_indexes,1572,AccessShareLock,t
1440043823.87954,pg_stat_all_tables,1573,AccessShareLock,t
1440043823.87954,pg_stat_database,1574,AccessShareLock,t
1440043823.87954,pg_statio_all_indexes,1572,AccessShareLock,t
1440043823.87954,pg_statio_all_tables,1573,AccessShareLock,t
1440043883.88184,lineitem,1336,RowExclusiveLock,t
1440043883.88184,orders,1340,RowExclusiveLock,t
1440043883.88184,pg_cast,1584,AccessShareLock,t
1440043883.88184,pg_cast_source_target_index,1584,AccessShareLock,t
1440043883.88184,pg_locks,1585,AccessShareLock,t
1440043883.88184,pg_stat_activity,1587,AccessShareLock,t
1440043883.88184,pg_stat_all_indexes,1588,AccessShareLock,t
1440043883.88184,pg_stat_all_tables,1584,AccessShareLock,t
1440043883.88184,pg_stat_database,1586,AccessShareLock,t
1440043883.88184,pg_statio_all_indexes,1588,AccessShareLock,t
1440043883.88184,pg_statio_all_tables,1584,AccessShareLock,t
1440043943.88369,lineitem,1336,RowExclusiveLock,t
1440043943.88369,orders,1593,AccessExclusiveLock,t
1440043943.88369,orders,1593,ShareLock,t
1440043943.88369,orders,1595,ShareLock,f
1440043943.88369,orders,1594,ShareLock,f
1440043943.88369,pg_locks,1604,AccessShareLock,t
1440043943.88369,pg_stat_all_indexes,1607,AccessShareLock,t
1440043943.88369,pg_stat_all_tables,1606,AccessShareLock,t
1440043943.88369,pg_stat_database,1605,AccessShareLock,t
1440043943.88369,pg_statio_all_indexes,1607,AccessShareLock,t
1440043943.88369,pg_statio_all_tables,1606,AccessShareLock,t
1440044003.88607,lineitem,1336,RowExclusiveLock,t
1440044003.88607,orders,1593,AccessExclusiveLock,t
1440044003.88607,orders,1593,ShareLock,t
1440044003.88607,orders,1595,ShareLock,f
1440044003.88607,orders,1594,ShareLock,f
1440044003.88607,pg_index,1621,AccessShareLock,t
1440044003.88607,pg_index,1622,AccessShareLock,t
1440044003.88607,pg_locks,1620,AccessShareLock,t
1440044003.88607,pg_namespace,1622,AccessShareLock,t
1440044003.88607,pg_namespace,1621,AccessShareLock,t
1440044003.88607,pg_stat_all_indexes,1622,AccessShareLock,t
1440044003.88607,pg_stat_all_tables,1621,AccessShareLock,t
1440044003.88607,pg_stat_database,1618,AccessShareLock,t
1440044003.88607,pg_statio_all_indexes,1622,AccessShareLock,t
1440044003.88607,pg_statio_all_tables,1621,AccessShareLock,t
1440044063.88862,lineitem,1336,RowExclusiveLock,t
1440044063.88862,orders,1595,ShareLock,t
1440044063.88862,orders,1594,ShareLock,t
1440044063.88862,pg_index,1633,AccessShareLock,t
1440044063.88862,pg_index,1631,AccessShareLock,t
1440044063.88862,pg_index_indexrelid_index,1631,AccessShareLock,t
1440044063.88862,pg_index_indexrelid_index,1633,AccessShareLock,t
1440044063.88862,pg_index_indrelid_index,1633,AccessShareLock,t
1440044063.88862,pg_index_indrelid_index,1631,AccessShareLock,t
1440044063.88862,pg_locks,1635,AccessShareLock,t
1440044063.88862,pg_namespace,1633,AccessShareLock,t
1440044063.88862,pg_namespace,1631,AccessShareLock,t
1440044063.88862,pg_namespace_nspname_index,1633,AccessShareLock,t
1440044063.88862,pg_namespace_nspname_index,1631,AccessShareLock,t
1440044063.88862,pg_namespace_oid_index,1633,AccessShareLock,t
1440044063.88862,pg_namespace_oid_index,1631,AccessShareLock,t
1440044063.88862,pg_stat_all_indexes,1631,AccessShareLock,t
1440044063.88862,pg_stat_all_tables,1633,AccessShareLock,t
1440044063.88862,pg_stat_database,1632,AccessShareLock,t
1440044063.88862,pg_statio_all_indexes,1631,AccessShareLock,t
1440044063.88862,pg_statio_all_tables,1633,AccessShareLock,t
1440044123.88981,lineitem,1336,RowExclusiveLock,t
1440044123.88981,orders,1594,ShareLock,t
1440044123.88981,pg_index,1645,AccessShareLock,t
1440044123.88981,pg_index,1647,AccessShareLock,t
1440044123.88981,pg_locks,1648,AccessShareLock,t
1440044123.88981,pg_namespace,1645,AccessShareLock,t
1440044123.88981,pg_stat_all_indexes,1647,AccessShareLock,t
1440044123.88981,pg_stat_all_tables,1645,AccessShareLock,t
1440044123.88981,pg_stat_database,1646,AccessShareLock,t
1440044123.88981,pg_statio_all_indexes,1647,AccessShareLock,t
1440044123.88981,pg_statio_all_tables,1645,AccessShareLock,t
1440044183.89173,lineitem,1336,RowExclusiveLock,t
1440044183.89173,orders,1594,ShareLock,t
1440044183.89173,pg_index,1659,AccessShareLock,t
1440044183.89173,pg_index,1658,AccessShareLock,t
1440044183.89173,pg_index_indexrelid_index,1658,AccessShareLock,t
1440044183.89173,pg_index_indrelid_index,1658,AccessShareLock,t
1440044183.89173,pg_locks,1660,AccessShareLock,t
1440044183.89173,pg_namespace,1658,AccessShareLock,t
1440044183.89173,pg_namespace_nspname_index,1658,AccessShareLock,t
1440044183.89173,pg_namespace_oid_index,1658,AccessShareLock,t
1440044183.89173,pg_stat_all_indexes,1658,AccessShareLock,t
1440044183.89173,pg_stat_all_tables,1659,AccessShareLock,t
1440044183.89173,pg_stat_database,1661,AccessShareLock,t
1440044183.89173,pg_statio_all_indexes,1658,AccessShareLock,t
1440044183.89173,pg_statio_all_tables,1659,AccessShareLock,t
1440044243.8937,lineitem,1336,ExclusiveLock,t
1440044243.8937,lineitem,1336,RowExclusiveLock,t
1440044243.8937,pg_index,1673,AccessShareLock,t
1440044243.8937,pg_index,1672,AccessShareLock,t
1440044243.8937,pg_locks,1675,AccessShareLock,t
1440044243.8937,pg_namespace,1673,AccessShareLock,t
1440044243.8937,pg_namespace,1672,AccessShareLock,t
1440044243.8937,pg_stat_activity,1674,AccessShareLock,t
1440044243.8937,pg_stat_all_indexes,1672,AccessShareLock,t
1440044243.8937,pg_stat_all_tables,1673,AccessShareLock,t
1440044243.8937,pg_stat_database,1676,AccessShareLock,t
1440044243.8937,pg_statio_all_indexes,1672,AccessShareLock,t
1440044243.8937,pg_statio_all_tables,1673,AccessShareLock,t
1440044303.89509,lineitem,1336,RowExclusiveLock,t
1440044303.89509,pg_index,1689,AccessShareLock,t
1440044303.89509,pg_locks,1686,AccessShareLock,t
1440044303.89509,pg_stat_activity,1687,AccessShareLock,t
1440044303.89509,pg_stat_all_indexes,1689,AccessShareLock,t
1440044303.89509,pg_stat_all_tables,1688,AccessShareLock,t
1440044303.89509,pg_stat_database,1685,AccessShareLock,t
1440044303.89509,pg_statio_all_indexes,1689,AccessShareLock,t
1440044303.89509,pg_statio_all_tables,1688,AccessShareLock,t
1440044363.89738,lineitem,1336,RowExclusiveLock,t
1440044363.89738,pg_index,1702,AccessShareLock,t
1440044363.89738,pg_index,1701,AccessShareLock,t
1440044363.89738,pg_locks,1699,AccessShareLock,t
1440044363.89738,pg_namespace,1702,AccessShareLock,t
1440044363.89738,pg_stat_all_indexes,1702,AccessShareLock,t
1440044363.89738,pg_stat_all_tables,1701,AccessShareLock,t
1440044363.89738,pg_stat_database,1698,AccessShareLock,t
1440044363.89738,pg_statio_all_indexes,1702,AccessShareLock,t
1440044363.89738,pg_statio_all_tables,1701,AccessShareLock,t
1440044423.8995,lineitem,1336,RowExclusiveLock,t
1440044423.8995,pg_cast,1722,AccessShareLock,t
1440044423.8995,pg_cast_source_target_index,1722,AccessShareLock,t
1440044423.8995,pg_index,1721,AccessShareLock,t
1440044423.8995,pg_locks,1719,AccessShareLock,t
1440044423.8995,pg_namespace,1721,AccessShareLock,t
1440044423.8995,pg_stat_activity,1718,AccessShareLock,t
1440044423.8995,pg_stat_all_indexes,1721,AccessShareLock,t
1440044423.8995,pg_stat_all_tables,1722,AccessShareLock,t
1440044423.8995,pg_stat_database,1720,AccessShareLock,t
1440044423.8995,pg_statio_all_indexes,1721,AccessShareLock,t
1440044423.8995,pg_statio_all_tables,1722,AccessShareLock,t
1440044483.9012,lineitem,1336,RowExclusiveLock,t
1440044483.9012,pg_index,1734,AccessShareLock,t
1440044483.9012,pg_locks,1732,AccessShareLock,t
1440044483.9012,pg_stat_all_indexes,1735,AccessShareLock,t
1440044483.9012,pg_stat_all_tables,1734,AccessShareLock,t
1440044483.9012,pg_stat_database,1733,AccessShareLock,t
1440044483.9012,pg_statio_all_indexes,1735,AccessShareLock,t
1440044483.9012,pg_statio_all_tables,1734,AccessShareLock,t
1440044543.90365,lineitem,1336,RowExclusiveLock,t
1440044543.90365,pg_index,1748,AccessShareLock,t
1440044543.90365,pg_locks,1745,AccessShareLock,t
1440044543.90365,pg_namespace,1748,AccessShareLock,t
1440044543.90365,pg_operator,1748,AccessShareLock,t
1440044543.90365,pg_operator_oid_index,1748,AccessShareLock,t
1440044543.90365,pg_rewrite,1749,AccessShareLock,t
1440044543.90365,pg_rewrite_rel_rulename_index,1749,AccessShareLock,t
1440044543.90365,pg_stat_all_indexes,1749,AccessShareLock,t
1440044543.90365,pg_stat_all_tables,1748,AccessShareLock,t
1440044543.90365,pg_stat_database,1747,AccessShareLock,t
1440044543.90365,pg_statio_all_indexes,1749,AccessShareLock,t
1440044543.90365,pg_statio_all_tables,1748,AccessShareLock,t
1440044603.90522,lineitem,1336,RowExclusiveLock,t
1440044603.90522,pg_index,1762,AccessShareLock,t
1440044603.90522,pg_index_indrelid_index,1762,AccessShareLock,t
1440044603.90522,pg_locks,1760,AccessShareLock,t
1440044603.90522,pg_rewrite,1764,AccessShareLock,t
1440044603.90522,pg_rewrite_rel_rulename_index,1764,AccessShareLock,t
1440044603.90522,pg_stat_activity,1762,AccessShareLock,t
1440044603.90522,pg_stat_all_indexes,1764,AccessShareLock,t
1440044603.90522,pg_stat_all_tables,1763,AccessShareLock,t
1440044603.90522,pg_stat_database,1761,AccessShareLock,t
1440044603.90522,pg_statio_all_indexes,1764,AccessShareLock,t
1440044603.90522,pg_statio_all_tables,1763,AccessShareLock,t
1440044663.90719,lineitem,1336,RowExclusiveLock,t
1440044663.90719,pg_index,1776,AccessShareLock,t
1440044663.90719,pg_locks,1773,AccessShareLock,t
1440044663.90719,pg_rewrite,1777,AccessShareLock,t
1440044663.90719,pg_rewrite_rel_rulename_index,1777,AccessShareLock,t
1440044663.90719,pg_stat_activity,1775,AccessShareLock,t
1440044663.90719,pg_stat_all_indexes,1777,AccessShareLock,t
1440044663.90719,pg_stat_all_tables,1776,AccessShareLock,t
1440044663.90719,pg_stat_database,1774,AccessShareLock,t
1440044663.90719,pg_statio_all_indexes,1777,AccessShareLock,t
1440044663.90719,pg_statio_all_tables,1776,AccessShareLock,t
1440044723.90909,lineitem,1336,RowExclusiveLock,t
1440044723.90909,pg_locks,1786,AccessShareLock,t
1440044723.90909,pg_rewrite,1790,AccessShareLock,t
1440044723.90909,pg_rewrite,1789,AccessShareLock,t
1440044723.90909,pg_rewrite_rel_rulename_index,1790,AccessShareLock,t
1440044723.90909,pg_rewrite_rel_rulename_index,1789,AccessShareLock,t
1440044723.90909,pg_stat_activity,1787,AccessShareLock,t
1440044723.90909,pg_stat_all_indexes,1790,AccessShareLock,t
1440044723.90909,pg_stat_all_tables,1789,AccessShareLock,t
1440044723.90909,pg_stat_database,1788,AccessShareLock,t
1440044723.90909,pg_statio_all_indexes,1790,AccessShareLock,t
1440044723.90909,pg_statio_all_tables,1789,AccessShareLock,t
1440044783.91095,lineitem,1336,RowExclusiveLock,t
1440044783.91095,pg_index,1802,AccessShareLock,t
1440044783.91095,pg_locks,1799,AccessShareLock,t
1440044783.91095,pg_namespace,1802,AccessShareLock,t
1440044783.91095,pg_stat_activity,1800,AccessShareLock,t
1440044783.91095,pg_stat_all_indexes,1802,AccessShareLock,t
1440044783.91095,pg_stat_all_tables,1803,AccessShareLock,t
1440044783.91095,pg_stat_database,1801,AccessShareLock,t
1440044783.91095,pg_statio_all_indexes,1802,AccessShareLock,t
1440044783.91095,pg_statio_all_tables,1803,AccessShareLock,t
1440044843.91396,lineitem,1336,RowExclusiveLock,t
1440044843.91396,pg_index,1813,AccessShareLock,t
1440044843.91396,pg_locks,1812,AccessShareLock,t
1440044843.91396,pg_rewrite,1816,AccessShareLock,t
1440044843.91396,pg_rewrite_rel_rulename_index,1816,AccessShareLock,t
1440044843.91396,pg_stat_activity,1814,AccessShareLock,t
1440044843.91396,pg_stat_all_indexes,1816,AccessShareLock,t
1440044843.91396,pg_stat_all_tables,1813,AccessShareLock,t
1440044843.91396,pg_stat_database,1815,AccessShareLock,t
1440044843.91396,pg_statio_all_indexes,1816,AccessShareLock,t
1440044843.91396,pg_statio_all_tables,1813,AccessShareLock,t
1440044903.91581,lineitem,1336,RowExclusiveLock,t
1440044903.91581,pg_amop,1827,AccessShareLock,t
1440044903.91581,pg_amop_opr_fam_index,1827,AccessShareLock,t
1440044903.91581,pg_index,1829,AccessShareLock,t
1440044903.91581,pg_index,1827,AccessShareLock,t
1440044903.91581,pg_index_indexrelid_index,1827,AccessShareLock,t
1440044903.91581,pg_index_indrelid_index,1827,AccessShareLock,t
1440044903.91581,pg_locks,1828,AccessShareLock,t
1440044903.91581,pg_namespace,1829,AccessShareLock,t
1440044903.91581,pg_namespace,1827,AccessShareLock,t
1440044903.91581,pg_namespace_nspname_index,1827,AccessShareLock,t
1440044903.91581,pg_namespace_oid_index,1827,AccessShareLock,t
1440044903.91581,pg_stat_all_indexes,1829,AccessShareLock,t
1440044903.91581,pg_stat_all_tables,1827,AccessShareLock,t
1440044903.91581,pg_stat_database,1825,AccessShareLock,t
1440044903.91581,pg_statio_all_indexes,1829,AccessShareLock,t
1440044903.91581,pg_statio_all_tables,1827,AccessShareLock,t
1440044963.91666,lineitem,1336,ExclusiveLock,t
1440044963.91666,lineitem,1336,RowExclusiveLock,t
1440044963.91666,pg_locks,1838,AccessShareLock,t
1440044963.91666,pg_rewrite,1842,AccessShareLock,t
1440044963.91666,pg_rewrite_rel_rulename_index,1842,AccessShareLock,t
1440044963.91666,pg_stat_activity,1840,AccessShareLock,t
1440044963.91666,pg_stat_all_indexes,1841,AccessShareLock,t
1440044963.91666,pg_stat_all_tables,1842,AccessShareLock,t
1440044963.91666,pg_stat_database,1839,AccessShareLock,t
1440044963.91666,pg_statio_all_indexes,1841,AccessShareLock,t
1440044963.91666,pg_statio_all_tables,1842,AccessShareLock,t
1440045023.91943,lineitem,1336,RowExclusiveLock,t
1440045023.91943,pg_index,1859,AccessShareLock,t
1440045023.91943,pg_index,1858,AccessShareLock,t
1440045023.91943,pg_locks,1860,AccessShareLock,t
1440045023.91943,pg_namespace,1859,AccessShareLock,t
1440045023.91943,pg_namespace,1858,AccessShareLock,t
1440045023.91943,pg_stat_activity,1862,AccessShareLock,t
1440045023.91943,pg_stat_all_indexes,1859,AccessShareLock,t
1440045023.91943,pg_stat_all_tables,1858,AccessShareLock,t
1440045023.91943,pg_stat_database,1861,AccessShareLock,t
1440045023.91943,pg_statio_all_indexes,1859,AccessShareLock,t
1440045023.91943,pg_statio_all_tables,1858,AccessShareLock,t
1440045083.9209,lineitem,1336,RowExclusiveLock,t
1440045083.9209,pg_index,1874,AccessShareLock,t
1440045083.9209,pg_index,1873,AccessShareLock,t
1440045083.9209,pg_locks,1875,AccessShareLock,t
1440045083.9209,pg_namespace,1874,AccessShareLock,t
1440045083.9209,pg_stat_activity,1872,AccessShareLock,t
1440045083.9209,pg_stat_all_indexes,1874,AccessShareLock,t
1440045083.9209,pg_stat_all_tables,1873,AccessShareLock,t
1440045083.9209,pg_stat_database,1871,AccessShareLock,t
1440045083.9209,pg_statio_all_indexes,1874,AccessShareLock,t
1440045083.9209,pg_statio_all_tables,1873,AccessShareLock,t
1440045143.92265,lineitem,1336,RowExclusiveLock,t
1440045143.92265,pg_locks,1884,AccessShareLock,t
1440045143.92265,pg_stat_activity,1885,AccessShareLock,t
1440045143.92265,pg_stat_all_indexes,1888,AccessShareLock,t
1440045143.92265,pg_stat_all_tables,1887,AccessShareLock,t
1440045143.92265,pg_stat_database,1886,AccessShareLock,t
1440045143.92265,pg_statio_all_indexes,1888,AccessShareLock,t
1440045143.92265,pg_statio_all_tables,1887,AccessShareLock,t
1440045203.92448,lineitem,1336,RowExclusiveLock,t
1440045203.92448,pg_locks,1897,AccessShareLock,t
1440045203.92448,pg_rewrite,1901,AccessShareLock,t
1440045203.92448,pg_rewrite,1900,AccessShareLock,t
1440045203.92448,pg_rewrite_rel_rulename_index,1901,AccessShareLock,t
1440045203.92448,pg_rewrite_rel_rulename_index,1900,AccessShareLock,t
1440045203.92448,pg_stat_activity,1899,AccessShareLock,t
1440045203.92448,pg_stat_all_indexes,1901,AccessShareLock,t
1440045203.92448,pg_stat_all_tables,1900,AccessShareLock,t
1440045203.92448,pg_stat_database,1898,AccessShareLock,t
1440045203.92448,pg_statio_all_tables,1900,AccessShareLock,t
1440045263.92709,lineitem,1336,RowExclusiveLock,t
1440045263.92709,pg_amop,1910,AccessShareLock,t
1440045263.92709,pg_amop_opr_fam_index,1910,AccessShareLock,t
1440045263.92709,pg_index,1910,AccessShareLock,t
1440045263.92709,pg_locks,1911,AccessShareLock,t
1440045263.92709,pg_namespace,1910,AccessShareLock,t
1440045263.92709,pg_stat_activity,1912,AccessShareLock,t
1440045263.92709,pg_stat_all_indexes,1914,AccessShareLock,t
1440045263.92709,pg_stat_all_tables,1910,AccessShareLock,t
1440045263.92709,pg_stat_database,1913,AccessShareLock,t
1440045263.92709,pg_statio_all_indexes,1914,AccessShareLock,t
1440045263.92709,pg_statio_all_tables,1910,AccessShareLock,t
1440045323.92952,lineitem,1336,RowExclusiveLock,t
1440045323.92952,pg_cast,1925,AccessShareLock,t
1440045323.92952,pg_cast_source_target_index,1925,AccessShareLock,t
1440045323.92952,pg_locks,1926,AccessShareLock,t
1440045323.92952,pg_stat_activity,1923,AccessShareLock,t
1440045323.92952,pg_stat_all_indexes,1927,AccessShareLock,t
1440045323.92952,pg_stat_all_tables,1925,AccessShareLock,t
1440045323.92952,pg_stat_database,1924,AccessShareLock,t
1440045323.92952,pg_statio_all_indexes,1927,AccessShareLock,t
1440045323.92952,pg_statio_all_tables,1925,AccessShareLock,t
1440045383.9318,lineitem,1336,RowExclusiveLock,t
1440045383.9318,pg_index,1936,AccessShareLock,t
1440045383.9318,pg_index,1940,AccessShareLock,t
1440045383.9318,pg_index_indexrelid_index,1936,AccessShareLock,t
1440045383.9318,pg_index_indrelid_index,1936,AccessShareLock,t
1440045383.9318,pg_locks,1938,AccessShareLock,t
1440045383.9318,pg_namespace,1936,AccessShareLock,t
1440045383.9318,pg_namespace,1940,AccessShareLock,t
1440045383.9318,pg_namespace_nspname_index,1936,AccessShareLock,t
1440045383.9318,pg_namespace_oid_index,1936,AccessShareLock,t
1440045383.9318,pg_stat_all_indexes,1940,AccessShareLock,t
1440045383.9318,pg_stat_all_tables,1936,AccessShareLock,t
1440045383.9318,pg_stat_database,1939,AccessShareLock,t
1440045383.9318,pg_statio_all_indexes,1940,AccessShareLock,t
1440045383.9318,pg_statio_all_tables,1936,AccessShareLock,t
1440045443.9333,lineitem,1336,RowExclusiveLock,t
1440045443.9333,pg_index,1949,AccessShareLock,t
1440045443.9333,pg_index,1953,AccessShareLock,t
1440045443.9333,pg_locks,1951,AccessShareLock,t
1440045443.9333,pg_namespace,1949,AccessShareLock,t
1440045443.9333,pg_namespace,1953,AccessShareLock,t
1440045443.9333,pg_stat_activity,1952,AccessShareLock,t
1440045443.9333,pg_stat_all_indexes,1953,AccessShareLock,t
1440045443.9333,pg_stat_all_tables,1949,AccessShareLock,t
1440045443.9333,pg_stat_database,1950,AccessShareLock,t
1440045443.9333,pg_statio_all_indexes,1953,AccessShareLock,t
1440045443.9333,pg_statio_all_tables,1949,AccessShareLock,t
1440045503.93458,lineitem,1336,RowExclusiveLock,t
1440045503.93458,pg_amop,1967,AccessShareLock,t
1440045503.93458,pg_amop_fam_strat_index,1967,AccessShareLock,t
1440045503.93458,pg_locks,1963,AccessShareLock,t
1440045503.93458,pg_rewrite,1965,AccessShareLock,t
1440045503.93458,pg_rewrite,1966,AccessShareLock,t
1440045503.93458,pg_rewrite_rel_rulename_index,1966,AccessShareLock,t
1440045503.93458,pg_rewrite_rel_rulename_index,1965,AccessShareLock,t
1440045503.93458,pg_stat_activity,1967,AccessShareLock,t
1440045503.93458,pg_stat_all_indexes,1966,AccessShareLock,t
1440045503.93458,pg_stat_all_tables,1965,AccessShareLock,t
1440045503.93458,pg_stat_database,1964,AccessShareLock,t
1440045503.93458,pg_statio_all_indexes,1966,AccessShareLock,t
1440045503.93458,pg_statio_all_tables,1965,AccessShareLock,t
1440045563.93724,lineitem,1336,RowExclusiveLock,t
1440045563.93724,pg_index,1981,AccessShareLock,t
1440045563.93724,pg_index,1980,AccessShareLock,t
1440045563.93724,pg_locks,1982,AccessShareLock,t
1440045563.93724,pg_namespace,1980,AccessShareLock,t
1440045563.93724,pg_stat_activity,1983,AccessShareLock,t
1440045563.93724,pg_stat_all_indexes,1981,AccessShareLock,t
1440045563.93724,pg_stat_all_tables,1980,AccessShareLock,t
1440045563.93724,pg_stat_database,1979,AccessShareLock,t
1440045563.93724,pg_statio_all_indexes,1981,AccessShareLock,t
1440045563.93724,pg_statio_all_tables,1980,AccessShareLock,t
1440045623.93941,lineitem,1336,RowExclusiveLock,t
1440045623.93941,pg_amproc,2003,AccessShareLock,t
1440045623.93941,pg_amproc_fam_proc_index,2003,AccessShareLock,t
1440045623.93941,pg_index,2000,AccessShareLock,t
1440045623.93941,pg_index,1999,AccessShareLock,t
1440045623.93941,pg_locks,2001,AccessShareLock,t
1440045623.93941,pg_namespace,2000,AccessShareLock,t
1440045623.93941,pg_stat_activity,2003,AccessShareLock,t
1440045623.93941,pg_stat_all_indexes,1999,AccessShareLock,t
1440045623.93941,pg_stat_all_tables,2000,AccessShareLock,t
1440045623.93941,pg_stat_database,2002,AccessShareLock,t
1440045623.93941,pg_statio_all_indexes,1999,AccessShareLock,t
1440045623.93941,pg_statio_all_tables,2000,AccessShareLock,t
1440045683.94183,lineitem,1336,RowExclusiveLock,t
1440045683.94183,pg_cast,2015,AccessShareLock,t
1440045683.94183,pg_cast_source_target_index,2015,AccessShareLock,t
1440045683.94183,pg_index,2015,AccessShareLock,t
1440045683.94183,pg_index,2016,AccessShareLock,t
1440045683.94183,pg_index_indexrelid_index,2015,AccessShareLock,t
1440045683.94183,pg_index_indrelid_index,2015,AccessShareLock,t
1440045683.94183,pg_locks,2013,AccessShareLock,t
1440045683.94183,pg_namespace,2015,AccessShareLock,t
1440045683.94183,pg_namespace,2016,AccessShareLock,t
1440045683.94183,pg_namespace_nspname_index,2015,AccessShareLock,t
1440045683.94183,pg_namespace_oid_index,2015,AccessShareLock,t
1440045683.94183,pg_opclass,2015,AccessShareLock,t
1440045683.94183,pg_opclass_am_name_nsp_index,2015,AccessShareLock,t
1440045683.94183,pg_stat_all_indexes,2015,AccessShareLock,t
1440045683.94183,pg_stat_all_tables,2016,AccessShareLock,t
1440045683.94183,pg_stat_database,2014,AccessShareLock,t
1440045683.94183,pg_statio_all_indexes,2015,AccessShareLock,t
1440045683.94183,pg_statio_all_tables,2016,AccessShareLock,t
1440045743.94366,lineitem,1336,RowExclusiveLock,t
1440045743.94366,pg_index,2029,AccessShareLock,t
1440045743.94366,pg_index,2025,AccessShareLock,t
1440045743.94366,pg_locks,2028,AccessShareLock,t
1440045743.94366,pg_namespace,2029,AccessShareLock,t
1440045743.94366,pg_namespace,2025,AccessShareLock,t
1440045743.94366,pg_stat_activity,2026,AccessShareLock,t
1440045743.94366,pg_stat_all_indexes,2029,AccessShareLock,t
1440045743.94366,pg_stat_all_tables,2025,AccessShareLock,t
1440045743.94366,pg_stat_database,2027,AccessShareLock,t
1440045743.94366,pg_statio_all_indexes,2029,AccessShareLock,t
1440045743.94366,pg_statio_all_tables,2025,AccessShareLock,t
1440045803.98594,lineitem,1336,RowExclusiveLock,t
1440045803.98594,pg_index,2040,AccessShareLock,t
1440045803.98594,pg_locks,2039,AccessShareLock,t
1440045803.98594,pg_stat_activity,2038,AccessShareLock,t
1440045803.98594,pg_stat_all_indexes,2040,AccessShareLock,t
1440045803.98594,pg_stat_all_tables,2041,AccessShareLock,t
1440045803.98594,pg_stat_database,2042,AccessShareLock,t
1440045803.98594,pg_statio_all_indexes,2040,AccessShareLock,t
1440045803.98594,pg_statio_all_tables,2041,AccessShareLock,t
1440045863.95076,lineitem,1336,RowExclusiveLock,t
1440045863.95076,pg_locks,2051,AccessShareLock,t
1440045863.95076,pg_rewrite,2053,AccessShareLock,t
1440045863.95076,pg_rewrite_rel_rulename_index,2053,AccessShareLock,t
1440045863.95076,pg_stat_activity,2052,AccessShareLock,t
1440045863.95076,pg_stat_all_indexes,2055,AccessShareLock,t
1440045863.95076,pg_stat_all_tables,2053,AccessShareLock,t
1440045863.95076,pg_stat_database,2054,AccessShareLock,t
1440045863.95076,pg_statio_all_indexes,2055,AccessShareLock,t
1440045863.95076,pg_statio_all_tables,2053,AccessShareLock,t
1440045923.94977,lineitem,1336,RowExclusiveLock,t
1440045923.94977,pg_index,2069,AccessShareLock,t
1440045923.94977,pg_index,2065,AccessShareLock,t
1440045923.94977,pg_locks,2067,AccessShareLock,t
1440045923.94977,pg_namespace,2065,AccessShareLock,t
1440045923.94977,pg_stat_all_indexes,2069,AccessShareLock,t
1440045923.94977,pg_stat_all_tables,2065,AccessShareLock,t
1440045923.94977,pg_stat_database,2068,AccessShareLock,t
1440045923.94977,pg_statio_all_indexes,2069,AccessShareLock,t
1440045923.94977,pg_statio_all_tables,2065,AccessShareLock,t
1440045983.95187,lineitem,2084,ShareLock,f
1440045983.95187,lineitem,2081,ShareLock,t
1440045983.95187,lineitem,2079,ShareLock,t
1440045983.95187,lineitem,2080,ShareLock,t
1440045983.95187,lineitem,2082,AccessExclusiveLock,f
1440045983.95187,lineitem,2086,ShareLock,f
1440045983.95187,lineitem,2083,ShareLock,f
1440045983.95187,lineitem,2085,ShareLock,f
1440045983.95187,pg_index,2095,AccessShareLock,t
1440045983.95187,pg_locks,2097,AccessShareLock,t
1440045983.95187,pg_namespace,2095,AccessShareLock,t
1440045983.95187,pg_stat_activity,2094,AccessShareLock,t
1440045983.95187,pg_stat_all_indexes,2095,AccessShareLock,t
1440045983.95187,pg_stat_all_tables,2098,AccessShareLock,t
1440045983.95187,pg_stat_database,2096,AccessShareLock,t
1440045983.95187,pg_statio_all_indexes,2095,AccessShareLock,t
1440045983.95187,pg_statio_all_tables,2098,AccessShareLock,t
1440046043.95356,lineitem,2085,ShareLock,f
1440046043.95356,lineitem,2079,ShareLock,t
1440046043.95356,lineitem,2080,ShareLock,t
1440046043.95356,lineitem,2082,AccessExclusiveLock,f
1440046043.95356,lineitem,2086,ShareLock,f
1440046043.95356,lineitem,2083,ShareLock,f
1440046043.95356,lineitem,2081,ShareLock,t
1440046043.95356,lineitem,2084,ShareLock,f
1440046043.95356,pg_amproc,2107,AccessShareLock,t
1440046043.95356,pg_amproc_fam_proc_index,2107,AccessShareLock,t
1440046043.95356,pg_index,2111,AccessShareLock,t
1440046043.95356,pg_index,2108,AccessShareLock,t
1440046043.95356,pg_locks,2110,AccessShareLock,t
1440046043.95356,pg_stat_activity,2107,AccessShareLock,t
1440046043.95356,pg_stat_all_indexes,2111,AccessShareLock,t
1440046043.95356,pg_stat_all_tables,2108,AccessShareLock,t
1440046043.95356,pg_stat_database,2109,AccessShareLock,t
1440046043.95356,pg_statio_all_indexes,2111,AccessShareLock,t
1440046043.95356,pg_statio_all_tables,2108,AccessShareLock,t
1440046103.95511,lineitem,2079,ShareLock,t
1440046103.95511,lineitem,2085,ShareLock,f
1440046103.95511,lineitem,2084,ShareLock,f
1440046103.95511,lineitem,2081,ShareLock,t
1440046103.95511,lineitem,2083,ShareLock,f
1440046103.95511,lineitem,2086,ShareLock,f
1440046103.95511,lineitem,2082,AccessExclusiveLock,f
1440046103.95511,lineitem,2080,ShareLock,t
1440046103.95511,pg_locks,2120,AccessShareLock,t
1440046103.95511,pg_stat_activity,2122,AccessShareLock,t
1440046103.95511,pg_stat_all_indexes,2124,AccessShareLock,t
1440046103.95511,pg_stat_all_tables,2121,AccessShareLock,t
1440046103.95511,pg_stat_database,2123,AccessShareLock,t
1440046103.95511,pg_statio_all_indexes,2124,AccessShareLock,t
1440046103.95511,pg_statio_all_tables,2121,AccessShareLock,t
1440046163.95696,lineitem,2084,ShareLock,f
1440046163.95696,lineitem,2079,ShareLock,t
1440046163.95696,lineitem,2085,ShareLock,f
1440046163.95696,lineitem,2080,ShareLock,t
1440046163.95696,lineitem,2082,AccessExclusiveLock,f
1440046163.95696,lineitem,2086,ShareLock,f
1440046163.95696,lineitem,2083,ShareLock,f
1440046163.95696,lineitem,2081,ShareLock,t
1440046163.95696,pg_locks,2133,AccessShareLock,t
1440046163.95696,pg_rewrite,2136,AccessShareLock,t
1440046163.95696,pg_rewrite,2137,AccessShareLock,t
1440046163.95696,pg_rewrite_rel_rulename_index,2137,AccessShareLock,t
1440046163.95696,pg_rewrite_rel_rulename_index,2136,AccessShareLock,t
1440046163.95696,pg_stat_activity,2135,AccessShareLock,t
1440046163.95696,pg_stat_all_indexes,2137,AccessShareLock,t
1440046163.95696,pg_stat_all_tables,2136,AccessShareLock,t
1440046163.95696,pg_stat_database,2134,AccessShareLock,t
1440046163.95696,pg_statio_all_indexes,2137,AccessShareLock,t
1440046163.95696,pg_statio_all_tables,2136,AccessShareLock,t
1440046223.96036,lineitem,2085,ShareLock,f
1440046223.96036,lineitem,2081,ShareLock,t
1440046223.96036,lineitem,2084,ShareLock,f
1440046223.96036,lineitem,2079,ShareLock,t
1440046223.96036,lineitem,2080,ShareLock,t
1440046223.96036,lineitem,2082,AccessExclusiveLock,f
1440046223.96036,lineitem,2086,ShareLock,f
1440046223.96036,lineitem,2083,ShareLock,f
1440046223.96036,pg_amop,2156,AccessShareLock,t
1440046223.96036,pg_amop_opr_fam_index,2156,AccessShareLock,t
1440046223.96036,pg_index,2156,AccessShareLock,t
1440046223.96036,pg_index,2155,AccessShareLock,t
1440046223.96036,pg_index_indexrelid_index,2155,AccessShareLock,t
1440046223.96036,pg_index_indexrelid_index,2156,AccessShareLock,t
1440046223.96036,pg_index_indrelid_index,2156,AccessShareLock,t
1440046223.96036,pg_index_indrelid_index,2155,AccessShareLock,t
1440046223.96036,pg_locks,2157,AccessShareLock,t
1440046223.96036,pg_namespace,2156,AccessShareLock,t
1440046223.96036,pg_namespace,2155,AccessShareLock,t
1440046223.96036,pg_namespace_nspname_index,2156,AccessShareLock,t
1440046223.96036,pg_namespace_nspname_index,2155,AccessShareLock,t
1440046223.96036,pg_namespace_oid_index,2155,AccessShareLock,t
1440046223.96036,pg_namespace_oid_index,2156,AccessShareLock,t
1440046223.96036,pg_stat_all_indexes,2155,AccessShareLock,t
1440046223.96036,pg_stat_all_tables,2156,AccessShareLock,t
1440046223.96036,pg_stat_database,2153,AccessShareLock,t
1440046223.96036,pg_statio_all_indexes,2155,AccessShareLock,t
1440046223.96036,pg_statio_all_tables,2156,AccessShareLock,t
1440046223.96036,pg_statistic,2155,AccessShareLock,t
1440046223.96036,pg_statistic_relid_att_inh_index,2155,AccessShareLock,t
1440046283.9617,lineitem,2084,ShareLock,f
1440046283.9617,lineitem,2081,ShareLock,t
1440046283.9617,lineitem,2079,ShareLock,t
1440046283.9617,lineitem,2080,ShareLock,t
1440046283.9617,lineitem,2082,AccessExclusiveLock,f
1440046283.9617,lineitem,2086,ShareLock,f
1440046283.9617,lineitem,2083,ShareLock,f
1440046283.9617,lineitem,2085,ShareLock,f
1440046283.9617,pg_index,2167,AccessShareLock,t
1440046283.9617,pg_locks,2170,AccessShareLock,t
1440046283.9617,pg_namespace,2167,AccessShareLock,t
1440046283.9617,pg_stat_activity,2166,AccessShareLock,t
1440046283.9617,pg_stat_all_indexes,2169,AccessShareLock,t
1440046283.9617,pg_stat_all_tables,2167,AccessShareLock,t
1440046283.9617,pg_stat_database,2168,AccessShareLock,t
1440046283.9617,pg_statio_all_indexes,2169,AccessShareLock,t
1440046283.9617,pg_statio_all_tables,2167,AccessShareLock,t
1440046343.96408,lineitem,2081,ShareLock,t
1440046343.96408,lineitem,2084,ShareLock,f
1440046343.96408,lineitem,2083,ShareLock,f
1440046343.96408,lineitem,2079,ShareLock,t
1440046343.96408,lineitem,2082,AccessExclusiveLock,f
1440046343.96408,lineitem,2086,ShareLock,f
1440046343.96408,lineitem,2085,ShareLock,f
1440046343.96408,pg_index,2183,AccessShareLock,t
1440046343.96408,pg_locks,2184,AccessShareLock,t
1440046343.96408,pg_namespace,2183,AccessShareLock,t
1440046343.96408,pg_rewrite,2182,AccessShareLock,t
1440046343.96408,pg_rewrite_rel_rulename_index,2182,AccessShareLock,t
1440046343.96408,pg_stat_all_indexes,2183,AccessShareLock,t
1440046343.96408,pg_stat_database,2181,AccessShareLock,t
1440046343.96408,pg_statio_all_indexes,2183,AccessShareLock,t
1440046343.96408,pg_statio_all_tables,2182,AccessShareLock,t
1440046403.96519,lineitem,2083,ShareLock,f
1440046403.96519,lineitem,2081,ShareLock,t
1440046403.96519,lineitem,2086,ShareLock,f
1440046403.96519,lineitem,2079,ShareLock,t
1440046403.96519,lineitem,2082,AccessExclusiveLock,f
1440046403.96519,lineitem,2085,ShareLock,f
1440046403.96519,lineitem,2084,ShareLock,f
1440046403.96519,pg_am,2196,AccessShareLock,t
1440046403.96519,pg_locks,2195,AccessShareLock,t
1440046403.96519,pg_rewrite,2197,AccessShareLock,t
1440046403.96519,pg_rewrite_rel_rulename_index,2197,AccessShareLock,t
1440046403.96519,pg_stat_activity,2194,AccessShareLock,t
1440046403.96519,pg_stat_database,2198,AccessShareLock,t
1440046403.96519,pg_statio_all_tables,2197,AccessShareLock,t
1440046463.96785,lineitem,2085,ShareLock,f
1440046463.96785,lineitem,2084,ShareLock,f
1440046463.96785,lineitem,2079,ShareLock,t
1440046463.96785,lineitem,2082,AccessExclusiveLock,f
1440046463.96785,lineitem,2086,ShareLock,f
1440046463.96785,lineitem,2083,ShareLock,f
1440046463.96785,lineitem,2081,ShareLock,t
1440046463.96785,pg_index,2211,AccessShareLock,t
1440046463.96785,pg_locks,2209,AccessShareLock,t
1440046463.96785,pg_namespace,2211,AccessShareLock,t
1440046463.96785,pg_stat_activity,2208,AccessShareLock,t
1440046463.96785,pg_stat_all_indexes,2211,AccessShareLock,t
1440046463.96785,pg_stat_all_tables,2210,AccessShareLock,t
1440046463.96785,pg_stat_database,2212,AccessShareLock,t
1440046463.96785,pg_statio_all_indexes,2211,AccessShareLock,t
1440046463.96785,pg_statio_all_tables,2210,AccessShareLock,t
1440046523.96954,lineitem,2084,ShareLock,f
1440046523.96954,lineitem,2085,ShareLock,f
1440046523.96954,lineitem,2079,ShareLock,t
1440046523.96954,lineitem,2082,AccessExclusiveLock,f
1440046523.96954,lineitem,2086,ShareLock,f
1440046523.96954,lineitem,2083,ShareLock,f
1440046523.96954,lineitem,2081,ShareLock,t
1440046523.96954,pg_locks,2221,AccessShareLock,t
1440046523.96954,pg_rewrite,2222,AccessShareLock,t
1440046523.96954,pg_rewrite_rel_rulename_index,2222,AccessShareLock,t
1440046523.96954,pg_stat_activity,2225,AccessShareLock,t
1440046523.96954,pg_stat_all_indexes,2222,AccessShareLock,t
1440046523.96954,pg_stat_all_tables,2224,AccessShareLock,t
1440046523.96954,pg_stat_database,2223,AccessShareLock,t
1440046523.96954,pg_statio_all_indexes,2222,AccessShareLock,t
1440046523.96954,pg_statio_all_tables,2224,AccessShareLock,t
1440046583.97191,lineitem,2085,ShareLock,f
1440046583.97191,lineitem,2079,ShareLock,t
1440046583.97191,lineitem,2082,AccessExclusiveLock,f
1440046583.97191,lineitem,2086,ShareLock,f
1440046583.97191,lineitem,2083,ShareLock,f
1440046583.97191,lineitem,2081,ShareLock,t
1440046583.97191,lineitem,2084,ShareLock,f
1440046583.97191,pg_amproc,2234,AccessShareLock,t
1440046583.97191,pg_amproc_fam_proc_index,2234,AccessShareLock,t
1440046583.97191,pg_index,2235,AccessShareLock,t
1440046583.97191,pg_index,2238,AccessShareLock,t
1440046583.97191,pg_locks,2237,AccessShareLock,t
1440046583.97191,pg_stat_activity,2234,AccessShareLock,t
1440046583.97191,pg_stat_all_indexes,2238,AccessShareLock,t
1440046583.97191,pg_stat_all_tables,2235,AccessShareLock,t
1440046583.97191,pg_stat_database,2236,AccessShareLock,t
1440046583.97191,pg_statio_all_indexes,2238,AccessShareLock,t
1440046583.97191,pg_statio_all_tables,2235,AccessShareLock,t
1440046643.97352,lineitem,2085,ShareLock,f
1440046643.97352,lineitem,2079,ShareLock,t
1440046643.97352,lineitem,2084,ShareLock,f
1440046643.97352,lineitem,2082,AccessExclusiveLock,f
1440046643.97352,lineitem,2086,ShareLock,f
1440046643.97352,lineitem,2083,ShareLock,f
1440046643.97352,lineitem,2081,ShareLock,t
1440046643.97352,pg_locks,2247,AccessShareLock,t
1440046643.97352,pg_rewrite,2251,AccessShareLock,t
1440046643.97352,pg_rewrite,2250,AccessShareLock,t
1440046643.97352,pg_rewrite_rel_rulename_index,2251,AccessShareLock,t
1440046643.97352,pg_rewrite_rel_rulename_index,2250,AccessShareLock,t
1440046643.97352,pg_stat_activity,2248,AccessShareLock,t
1440046643.97352,pg_stat_all_indexes,2251,AccessShareLock,t
1440046643.97352,pg_stat_database,2249,AccessShareLock,t
1440046643.97352,pg_statio_all_tables,2250,AccessShareLock,t
1440046703.97583,lineitem,2079,ShareLock,t
1440046703.97583,lineitem,2084,ShareLock,f
1440046703.97583,lineitem,2081,ShareLock,t
1440046703.97583,lineitem,2083,ShareLock,f
1440046703.97583,lineitem,2086,ShareLock,f
1440046703.97583,lineitem,2082,AccessExclusiveLock,f
1440046703.97583,lineitem,2085,ShareLock,f
1440046703.97583,pg_locks,2260,AccessShareLock,t
1440046703.97583,pg_stat_activity,2261,AccessShareLock,t
1440046703.97583,pg_stat_all_tables,2263,AccessShareLock,t
1440046703.97583,pg_stat_database,2262,AccessShareLock,t
1440046703.97583,pg_statio_all_tables,2263,AccessShareLock,t
1440046763.97791,lineitem,2085,ShareLock,f
1440046763.97791,lineitem,2082,AccessExclusiveLock,f
1440046763.97791,lineitem,2086,ShareLock,f
1440046763.97791,lineitem,2083,ShareLock,f
1440046763.97791,lineitem,2081,ShareLock,t
1440046763.97791,lineitem,2084,ShareLock,f
1440046763.97791,pg_index,2280,AccessShareLock,t
1440046763.97791,pg_index,2278,AccessShareLock,t
1440046763.97791,pg_locks,2276,AccessShareLock,t
1440046763.97791,pg_stat_activity,2277,AccessShareLock,t
1440046763.97791,pg_stat_all_indexes,2280,AccessShareLock,t
1440046763.97791,pg_stat_all_tables,2278,AccessShareLock,t
1440046763.97791,pg_stat_database,2279,AccessShareLock,t
1440046763.97791,pg_statio_all_indexes,2280,AccessShareLock,t
1440046763.97791,pg_statio_all_tables,2278,AccessShareLock,t
1440046823.98019,lineitem,2086,ShareLock,f
1440046823.98019,lineitem,2084,ShareLock,f
1440046823.98019,lineitem,2082,AccessExclusiveLock,f
1440046823.98019,lineitem,2085,ShareLock,f
1440046823.98019,lineitem,2083,ShareLock,f
1440046823.98019,lineitem,2081,ShareLock,t
1440046823.98019,pg_amop,2297,AccessShareLock,t
1440046823.98019,pg_amop_opr_fam_index,2297,AccessShareLock,t
1440046823.98019,pg_index,2298,AccessShareLock,t
1440046823.98019,pg_index,2297,AccessShareLock,t
1440046823.98019,pg_index_indexrelid_index,2297,AccessShareLock,t
1440046823.98019,pg_index_indrelid_index,2297,AccessShareLock,t
1440046823.98019,pg_locks,2299,AccessShareLock,t
1440046823.98019,pg_namespace,2298,AccessShareLock,t
1440046823.98019,pg_namespace,2297,AccessShareLock,t
1440046823.98019,pg_namespace_nspname_index,2297,AccessShareLock,t
1440046823.98019,pg_namespace_oid_index,2297,AccessShareLock,t
1440046823.98019,pg_stat_all_indexes,2297,AccessShareLock,t
1440046823.98019,pg_stat_all_tables,2298,AccessShareLock,t
1440046823.98019,pg_stat_database,2300,AccessShareLock,t
1440046823.98019,pg_statio_all_indexes,2297,AccessShareLock,t
1440046823.98019,pg_statio_all_tables,2298,AccessShareLock,t
1440046883.9819,lineitem,2085,ShareLock,f
1440046883.9819,lineitem,2082,AccessExclusiveLock,f
1440046883.9819,lineitem,2086,ShareLock,f
1440046883.9819,lineitem,2083,ShareLock,f
1440046883.9819,lineitem,2081,ShareLock,t
1440046883.9819,lineitem,2084,ShareLock,f
1440046883.9819,pg_locks,2332,AccessShareLock,t
1440046883.9819,pg_stat_activity,2335,AccessShareLock,t
1440046883.9819,pg_stat_all_indexes,2333,AccessShareLock,t
1440046883.9819,pg_stat_all_tables,2334,AccessShareLock,t
1440046883.9819,pg_stat_database,2331,AccessShareLock,t
1440046883.9819,pg_statio_all_indexes,2333,AccessShareLock,t
1440046883.9819,pg_statio_all_tables,2334,AccessShareLock,t
1440046943.98438,lineitem,2085,ShareLock,f
1440046943.98438,lineitem,2082,AccessExclusiveLock,f
1440046943.98438,lineitem,2086,ShareLock,f
1440046943.98438,lineitem,2083,ShareLock,f
1440046943.98438,lineitem,2081,ShareLock,t
1440046943.98438,lineitem,2084,ShareLock,f
1440046943.98438,pg_index,2345,AccessShareLock,t
1440046943.98438,pg_index,2344,AccessShareLock,t
1440046943.98438,pg_index_indexrelid_index,2345,AccessShareLock,t
1440046943.98438,pg_index_indexrelid_index,2344,AccessShareLock,t
1440046943.98438,pg_index_indrelid_index,2345,AccessShareLock,t
1440046943.98438,pg_index_indrelid_index,2344,AccessShareLock,t
1440046943.98438,pg_locks,2347,AccessShareLock,t
1440046943.98438,pg_namespace,2344,AccessShareLock,t
1440046943.98438,pg_namespace,2345,AccessShareLock,t
1440046943.98438,pg_namespace_nspname_index,2345,AccessShareLock,t
1440046943.98438,pg_namespace_nspname_index,2344,AccessShareLock,t
1440046943.98438,pg_namespace_oid_index,2344,AccessShareLock,t
1440046943.98438,pg_namespace_oid_index,2345,AccessShareLock,t
1440046943.98438,pg_stat_activity,2346,AccessShareLock,t
1440046943.98438,pg_stat_all_indexes,2345,AccessShareLock,t
1440046943.98438,pg_stat_all_tables,2344,AccessShareLock,t
1440046943.98438,pg_stat_database,2348,AccessShareLock,t
1440046943.98438,pg_statio_all_indexes,2345,AccessShareLock,t
1440046943.98438,pg_statio_all_tables,2344,AccessShareLock,t
1440047003.98576,lineitem,2085,ShareLock,f
1440047003.98576,lineitem,2084,ShareLock,f
1440047003.98576,lineitem,2086,ShareLock,f
1440047003.98576,lineitem,2083,ShareLock,f
1440047003.98576,lineitem,2081,ShareLock,t
1440047003.98576,lineitem,2082,AccessExclusiveLock,f
1440047003.98576,pg_locks,2357,AccessShareLock,t
1440047003.98576,pg_rewrite,2358,AccessShareLock,t
1440047003.98576,pg_rewrite,2361,AccessShareLock,t
1440047003.98576,pg_rewrite_rel_rulename_index,2361,AccessShareLock,t
1440047003.98576,pg_rewrite_rel_rulename_index,2358,AccessShareLock,t
1440047003.98576,pg_stat_activity,2359,AccessShareLock,t
1440047003.98576,pg_stat_all_indexes,2361,AccessShareLock,t
1440047003.98576,pg_stat_all_tables,2358,AccessShareLock,t
1440047003.98576,pg_stat_database,2360,AccessShareLock,t
1440047003.98576,pg_statio_all_indexes,2361,AccessShareLock,t
1440047003.98576,pg_statio_all_tables,2358,AccessShareLock,t
1440047063.98904,lineitem,2085,ShareLock,f
1440047063.98904,lineitem,2083,ShareLock,f
1440047063.98904,lineitem,2081,ShareLock,t
1440047063.98904,lineitem,2084,ShareLock,f
1440047063.98904,lineitem,2082,AccessExclusiveLock,f
1440047063.98904,lineitem,2086,ShareLock,f
1440047063.98904,pg_index,2374,AccessShareLock,t
1440047063.98904,pg_index,2371,AccessShareLock,t
1440047063.98904,pg_index_indexrelid_index,2371,AccessShareLock,t
1440047063.98904,pg_index_indrelid_index,2371,AccessShareLock,t
1440047063.98904,pg_locks,2372,AccessShareLock,t
1440047063.98904,pg_namespace,2374,AccessShareLock,t
1440047063.98904,pg_namespace,2371,AccessShareLock,t
1440047063.98904,pg_stat_all_indexes,2374,AccessShareLock,t
1440047063.98904,pg_stat_all_tables,2371,AccessShareLock,t
1440047063.98904,pg_stat_database,2373,AccessShareLock,t
1440047063.98904,pg_statio_all_indexes,2374,AccessShareLock,t
1440047063.98904,pg_statio_all_tables,2371,AccessShareLock,t
1440047123.9899,lineitem,2084,ShareLock,f
1440047123.9899,lineitem,2085,ShareLock,f
1440047123.9899,lineitem,2081,ShareLock,t
1440047123.9899,lineitem,2082,AccessExclusiveLock,f
1440047123.9899,lineitem,2086,ShareLock,f
1440047123.9899,lineitem,2083,ShareLock,f
1440047123.9899,pg_index,2385,AccessShareLock,t
1440047123.9899,pg_index,2386,AccessShareLock,t
1440047123.9899,pg_locks,2387,AccessShareLock,t
1440047123.9899,pg_namespace,2386,AccessShareLock,t
1440047123.9899,pg_stat_all_indexes,2386,AccessShareLock,t
1440047123.9899,pg_stat_all_tables,2385,AccessShareLock,t
1440047123.9899,pg_stat_database,2384,AccessShareLock,t
1440047123.9899,pg_statio_all_indexes,2386,AccessShareLock,t
1440047123.9899,pg_statio_all_tables,2385,AccessShareLock,t
1440047183.99197,lineitem,2085,ShareLock,f
1440047183.99197,lineitem,2081,ShareLock,t
1440047183.99197,lineitem,2084,ShareLock,f
1440047183.99197,lineitem,2082,AccessExclusiveLock,f
1440047183.99197,lineitem,2086,ShareLock,f
1440047183.99197,lineitem,2083,ShareLock,f
1440047183.99197,pg_index,2399,AccessShareLock,t
1440047183.99197,pg_index,2402,AccessShareLock,t
1440047183.99197,pg_index_indrelid_index,2399,AccessShareLock,t
1440047183.99197,pg_locks,2403,AccessShareLock,t
1440047183.99197,pg_namespace,2399,AccessShareLock,t
1440047183.99197,pg_namespace,2402,AccessShareLock,t
1440047183.99197,pg_stat_all_indexes,2402,AccessShareLock,t
1440047183.99197,pg_stat_all_tables,2399,AccessShareLock,t
1440047183.99197,pg_stat_database,2404,AccessShareLock,t
1440047183.99197,pg_statio_all_indexes,2402,AccessShareLock,t
1440047183.99197,pg_statio_all_tables,2399,AccessShareLock,t
1440047243.99351,lineitem,2084,ShareLock,f
1440047243.99351,lineitem,2083,ShareLock,f
1440047243.99351,lineitem,2081,ShareLock,t
1440047243.99351,lineitem,2085,ShareLock,f
1440047243.99351,lineitem,2082,AccessExclusiveLock,f
1440047243.99351,lineitem,2086,ShareLock,f
1440047243.99351,pg_locks,2413,AccessShareLock,t
1440047243.99351,pg_operator,2416,AccessShareLock,t
1440047243.99351,pg_operator_oprname_l_r_n_index,2416,AccessShareLock,t
1440047243.99351,pg_rewrite,2417,AccessShareLock,t
1440047243.99351,pg_rewrite_rel_rulename_index,2417,AccessShareLock,t
1440047243.99351,pg_stat_activity,2414,AccessShareLock,t
1440047243.99351,pg_stat_all_indexes,2416,AccessShareLock,t
1440047243.99351,pg_stat_all_tables,2417,AccessShareLock,t
1440047243.99351,pg_stat_database,2415,AccessShareLock,t
1440047243.99351,pg_statio_all_indexes,2416,AccessShareLock,t
1440047243.99351,pg_statio_all_tables,2417,AccessShareLock,t
1440047303.99537,lineitem,2086,ShareLock,f
1440047303.99537,lineitem,2084,ShareLock,f
1440047303.99537,lineitem,2082,AccessExclusiveLock,f
1440047303.99537,lineitem,2085,ShareLock,f
1440047303.99537,lineitem,2083,ShareLock,f
1440047303.99537,lineitem,2081,ShareLock,t
1440047303.99537,pg_amproc,2427,AccessShareLock,t
1440047303.99537,pg_amproc_fam_proc_index,2427,AccessShareLock,t
1440047303.99537,pg_locks,2426,AccessShareLock,t
1440047303.99537,pg_stat_activity,2427,AccessShareLock,t
1440047303.99537,pg_stat_all_indexes,2430,AccessShareLock,t
1440047303.99537,pg_stat_all_tables,2429,AccessShareLock,t
1440047303.99537,pg_stat_database,2428,AccessShareLock,t
1440047303.99537,pg_statio_all_indexes,2430,AccessShareLock,t
1440047303.99537,pg_statio_all_tables,2429,AccessShareLock,t
1440047363.99896,lineitem,2085,ShareLock,f
1440047363.99896,lineitem,2082,AccessExclusiveLock,f
1440047363.99896,lineitem,2086,ShareLock,f
1440047363.99896,lineitem,2083,ShareLock,f
1440047363.99896,lineitem,2081,ShareLock,t
1440047363.99896,lineitem,2084,ShareLock,f
1440047363.99896,pg_index,2439,AccessShareLock,t
1440047363.99896,pg_index,2440,AccessShareLock,t
1440047363.99896,pg_index_indexrelid_index,2439,AccessShareLock,t
1440047363.99896,pg_index_indexrelid_index,2440,AccessShareLock,t
1440047363.99896,pg_index_indrelid_index,2439,AccessShareLock,t
1440047363.99896,pg_index_indrelid_index,2440,AccessShareLock,t
1440047363.99896,pg_locks,2441,AccessShareLock,t
1440047363.99896,pg_namespace,2440,AccessShareLock,t
1440047363.99896,pg_namespace,2439,AccessShareLock,t
1440047363.99896,pg_namespace_nspname_index,2439,AccessShareLock,t
1440047363.99896,pg_namespace_nspname_index,2440,AccessShareLock,t
1440047363.99896,pg_namespace_oid_index,2440,AccessShareLock,t
1440047363.99896,pg_namespace_oid_index,2439,AccessShareLock,t
1440047363.99896,pg_stat_activity,2443,AccessShareLock,t
1440047363.99896,pg_stat_all_indexes,2440,AccessShareLock,t
1440047363.99896,pg_stat_all_tables,2439,AccessShareLock,t
1440047363.99896,pg_stat_database,2442,AccessShareLock,t
1440047363.99896,pg_statio_all_indexes,2440,AccessShareLock,t
1440047363.99896,pg_statio_all_tables,2439,AccessShareLock,t
1440047424.00037,lineitem,2085,ShareLock,f
1440047424.00037,lineitem,2082,AccessExclusiveLock,f
1440047424.00037,lineitem,2086,ShareLock,f
1440047424.00037,lineitem,2083,ShareLock,f
1440047424.00037,lineitem,2081,ShareLock,t
1440047424.00037,lineitem,2084,ShareLock,f
1440047424.00037,pg_index,2461,AccessShareLock,t
1440047424.00037,pg_index,2464,AccessShareLock,t
1440047424.00037,pg_locks,2460,AccessShareLock,t
1440047424.00037,pg_stat_activity,2463,AccessShareLock,t
1440047424.00037,pg_stat_all_indexes,2464,AccessShareLock,t
1440047424.00037,pg_stat_all_tables,2461,AccessShareLock,t
1440047424.00037,pg_stat_database,2462,AccessShareLock,t
1440047424.00037,pg_statio_all_indexes,2464,AccessShareLock,t
1440047424.00037,pg_statio_all_tables,2461,AccessShareLock,t
1440047484.00322,lineitem,2083,ShareLock,f
1440047484.00322,lineitem,2082,AccessExclusiveLock,f
1440047484.00322,lineitem,2086,ShareLock,f
1440047484.00322,lineitem,2085,ShareLock,f
1440047484.00322,lineitem,2084,ShareLock,f
1440047484.00322,lineitem,2081,ShareLock,t
1440047484.00322,pg_index,2476,AccessShareLock,t
1440047484.00322,pg_index,2477,AccessShareLock,t
1440047484.00322,pg_index_indexrelid_index,2476,AccessShareLock,t
1440047484.00322,pg_index_indexrelid_index,2477,AccessShareLock,t
1440047484.00322,pg_index_indrelid_index,2476,AccessShareLock,t
1440047484.00322,pg_index_indrelid_index,2477,AccessShareLock,t
1440047484.00322,pg_locks,2475,AccessShareLock,t
1440047484.00322,pg_namespace,2476,AccessShareLock,t
1440047484.00322,pg_namespace,2477,AccessShareLock,t
1440047484.00322,pg_namespace_nspname_index,2477,AccessShareLock,t
1440047484.00322,pg_namespace_nspname_index,2476,AccessShareLock,t
1440047484.00322,pg_namespace_oid_index,2477,AccessShareLock,t
1440047484.00322,pg_namespace_oid_index,2476,AccessShareLock,t
1440047484.00322,pg_stat_all_indexes,2476,AccessShareLock,t
1440047484.00322,pg_stat_all_tables,2477,AccessShareLock,t
1440047484.00322,pg_stat_database,2474,AccessShareLock,t
1440047484.00322,pg_statio_all_indexes,2476,AccessShareLock,t
1440047484.00322,pg_statio_all_tables,2477,AccessShareLock,t
1440047484.00322,pg_statistic,2476,AccessShareLock,t
1440047484.00322,pg_statistic_relid_att_inh_index,2476,AccessShareLock,t
1440047544.0038,lineitem,2086,ShareLock,f
1440047544.0038,lineitem,2084,ShareLock,f
1440047544.0038,lineitem,2082,AccessExclusiveLock,f
1440047544.0038,lineitem,2081,ShareLock,t
1440047544.0038,lineitem,2083,ShareLock,f
1440047544.0038,lineitem,2085,ShareLock,f
1440047544.0038,pg_locks,2487,AccessShareLock,t
1440047544.0038,pg_rewrite,2489,AccessShareLock,t
1440047544.0038,pg_rewrite_rel_rulename_index,2489,AccessShareLock,t
1440047544.0038,pg_stat_activity,2486,AccessShareLock,t
1440047544.0038,pg_stat_all_indexes,2489,AccessShareLock,t
1440047544.0038,pg_stat_database,2488,AccessShareLock,t
1440047604.00562,lineitem,2084,ShareLock,f
1440047604.00562,lineitem,2083,ShareLock,f
1440047604.00562,lineitem,2081,ShareLock,t
1440047604.00562,lineitem,2085,ShareLock,f
1440047604.00562,lineitem,2082,AccessExclusiveLock,f
1440047604.00562,lineitem,2086,ShareLock,f
1440047604.00562,pg_amproc,2499,AccessShareLock,t
1440047604.00562,pg_amproc_fam_proc_index,2499,AccessShareLock,t
1440047604.00562,pg_locks,2500,AccessShareLock,t
1440047604.00562,pg_rewrite,2502,AccessShareLock,t
1440047604.00562,pg_rewrite_rel_rulename_index,2502,AccessShareLock,t
1440047604.00562,pg_stat_activity,2499,AccessShareLock,t
1440047604.00562,pg_stat_all_indexes,2503,AccessShareLock,t
1440047604.00562,pg_stat_all_tables,2502,AccessShareLock,t
1440047604.00562,pg_stat_database,2501,AccessShareLock,t
1440047604.00562,pg_statio_all_indexes,2503,AccessShareLock,t
1440047604.00562,pg_statio_all_tables,2502,AccessShareLock,t
1440047664.00835,lineitem,2085,ShareLock,f
1440047664.00835,lineitem,2082,AccessExclusiveLock,f
1440047664.00835,lineitem,2086,ShareLock,f
1440047664.00835,lineitem,2083,ShareLock,f
1440047664.00835,lineitem,2081,ShareLock,t
1440047664.00835,lineitem,2084,ShareLock,f
1440047664.00835,pg_index,2516,AccessShareLock,t
1440047664.00835,pg_index,2515,AccessShareLock,t
1440047664.00835,pg_locks,2514,AccessShareLock,t
1440047664.00835,pg_stat_all_indexes,2516,AccessShareLock,t
1440047664.00835,pg_stat_all_tables,2515,AccessShareLock,t
1440047664.00835,pg_stat_database,2512,AccessShareLock,t
1440047664.00835,pg_statio_all_indexes,2516,AccessShareLock,t
1440047664.00835,pg_statio_all_tables,2515,AccessShareLock,t
1440047724.01037,lineitem,2085,ShareLock,f
1440047724.01037,lineitem,2081,ShareLock,t
1440047724.01037,lineitem,2084,ShareLock,f
1440047724.01037,lineitem,2082,AccessExclusiveLock,f
1440047724.01037,lineitem,2086,ShareLock,f
1440047724.01037,lineitem,2083,ShareLock,f
1440047724.01037,pg_index,2529,AccessShareLock,t
1440047724.01037,pg_index,2530,AccessShareLock,t
1440047724.01037,pg_locks,2528,AccessShareLock,t
1440047724.01037,pg_namespace,2530,AccessShareLock,t
1440047724.01037,pg_stat_activity,2526,AccessShareLock,t
1440047724.01037,pg_stat_all_indexes,2530,AccessShareLock,t
1440047724.01037,pg_stat_all_tables,2529,AccessShareLock,t
1440047724.01037,pg_stat_database,2527,AccessShareLock,t
1440047724.01037,pg_statio_all_indexes,2530,AccessShareLock,t
1440047724.01037,pg_statio_all_tables,2529,AccessShareLock,t
1440047784.01148,lineitem,2084,ShareLock,f
1440047784.01148,lineitem,2081,ShareLock,t
1440047784.01148,lineitem,2085,ShareLock,f
1440047784.01148,lineitem,2082,AccessExclusiveLock,f
1440047784.01148,lineitem,2086,ShareLock,f
1440047784.01148,lineitem,2083,ShareLock,f
1440047784.01148,pg_locks,2539,AccessShareLock,t
1440047784.01148,pg_rewrite,2543,AccessShareLock,t
1440047784.01148,pg_rewrite_rel_rulename_index,2543,AccessShareLock,t
1440047784.01148,pg_stat_activity,2540,AccessShareLock,t
1440047784.01148,pg_stat_all_indexes,2543,AccessShareLock,t
1440047784.01148,pg_stat_all_tables,2542,AccessShareLock,t
1440047784.01148,pg_stat_database,2541,AccessShareLock,t
1440047784.01148,pg_statio_all_indexes,2543,AccessShareLock,t
1440047784.01148,pg_statio_all_tables,2542,AccessShareLock,t
1440047844.01381,lineitem,2084,ShareLock,f
1440047844.01381,lineitem,2083,ShareLock,f
1440047844.01381,lineitem,2085,ShareLock,f
1440047844.01381,lineitem,2082,ShareLock,t
1440047844.01381,lineitem,2082,AccessExclusiveLock,t
1440047844.01381,lineitem,2086,ShareLock,f
1440047844.01381,pg_locks,2553,AccessShareLock,t
1440047844.01381,pg_operator,2556,AccessShareLock,t
1440047844.01381,pg_operator_oprname_l_r_n_index,2556,AccessShareLock,t
1440047844.01381,pg_stat_activity,2552,AccessShareLock,t
1440047844.01381,pg_stat_all_indexes,2556,AccessShareLock,t
1440047844.01381,pg_stat_all_tables,2554,AccessShareLock,t
1440047844.01381,pg_stat_database,2555,AccessShareLock,t
1440047844.01381,pg_statio_all_indexes,2556,AccessShareLock,t
1440047844.01381,pg_statio_all_tables,2554,AccessShareLock,t
1440047904.01621,lineitem,2085,ShareLock,f
1440047904.01621,lineitem,2083,ShareLock,f
1440047904.01621,lineitem,2084,ShareLock,f
1440047904.01621,lineitem,2082,ShareLock,t
1440047904.01621,lineitem,2082,AccessExclusiveLock,t
1440047904.01621,lineitem,2086,ShareLock,f
1440047904.01621,pg_index,2567,AccessShareLock,t
1440047904.01621,pg_index,2566,AccessShareLock,t
1440047904.01621,pg_locks,2569,AccessShareLock,t
1440047904.01621,pg_namespace,2566,AccessShareLock,t
1440047904.01621,pg_stat_activity,2565,AccessShareLock,t
1440047904.01621,pg_stat_all_indexes,2566,AccessShareLock,t
1440047904.01621,pg_stat_all_tables,2567,AccessShareLock,t
1440047904.01621,pg_stat_database,2568,AccessShareLock,t
1440047904.01621,pg_statio_all_indexes,2566,AccessShareLock,t
1440047904.01621,pg_statio_all_tables,2567,AccessShareLock,t
1440047964.01809,lineitem,2085,ShareLock,f
1440047964.01809,lineitem,2083,ShareLock,f
1440047964.01809,lineitem,2084,ShareLock,f
1440047964.01809,lineitem,2082,ShareLock,t
1440047964.01809,lineitem,2082,AccessExclusiveLock,t
1440047964.01809,lineitem,2086,ShareLock,f
1440047964.01809,pg_index,2581,AccessShareLock,t
1440047964.01809,pg_index,2580,AccessShareLock,t
1440047964.01809,pg_locks,2579,AccessShareLock,t
1440047964.01809,pg_namespace,2580,AccessShareLock,t
1440047964.01809,pg_stat_activity,2582,AccessShareLock,t
1440047964.01809,pg_stat_all_indexes,2580,AccessShareLock,t
1440047964.01809,pg_stat_all_tables,2581,AccessShareLock,t
1440047964.01809,pg_stat_database,2578,AccessShareLock,t
1440047964.01809,pg_statio_all_indexes,2580,AccessShareLock,t
1440047964.01809,pg_statio_all_tables,2581,AccessShareLock,t
1440048024.02072,lineitem,2085,ShareLock,f
1440048024.02072,lineitem,2083,ShareLock,f
1440048024.02072,lineitem,2084,ShareLock,f
1440048024.02072,lineitem,2082,ShareLock,t
1440048024.02072,lineitem,2082,AccessExclusiveLock,t
1440048024.02072,lineitem,2086,ShareLock,f
1440048024.02072,pg_index,2601,AccessShareLock,t
1440048024.02072,pg_index,2600,AccessShareLock,t
1440048024.02072,pg_locks,2602,AccessShareLock,t
1440048024.02072,pg_namespace,2601,AccessShareLock,t
1440048024.02072,pg_namespace,2600,AccessShareLock,t
1440048024.02072,pg_stat_activity,2598,AccessShareLock,t
1440048024.02072,pg_stat_all_indexes,2601,AccessShareLock,t
1440048024.02072,pg_stat_all_tables,2600,AccessShareLock,t
1440048024.02072,pg_stat_database,2599,AccessShareLock,t
1440048024.02072,pg_statio_all_indexes,2601,AccessShareLock,t
1440048024.02072,pg_statio_all_tables,2600,AccessShareLock,t
1440048084.02309,lineitem,2084,ShareLock,f
1440048084.02309,lineitem,2083,ShareLock,f
1440048084.02309,lineitem,2085,ShareLock,f
1440048084.02309,lineitem,2082,ShareLock,t
1440048084.02309,lineitem,2082,AccessExclusiveLock,t
1440048084.02309,lineitem,2086,ShareLock,f
1440048084.02309,pg_index,2615,AccessShareLock,t
1440048084.02309,pg_locks,2612,AccessShareLock,t
1440048084.02309,pg_namespace,2615,AccessShareLock,t
1440048084.02309,pg_operator,2614,AccessShareLock,t
1440048084.02309,pg_operator_oid_index,2614,AccessShareLock,t
1440048084.02309,pg_stat_activity,2611,AccessShareLock,t
1440048084.02309,pg_stat_all_indexes,2615,AccessShareLock,t
1440048084.02309,pg_stat_all_tables,2614,AccessShareLock,t
1440048084.02309,pg_stat_database,2613,AccessShareLock,t
1440048084.02309,pg_statio_all_indexes,2615,AccessShareLock,t
1440048084.02309,pg_statio_all_tables,2614,AccessShareLock,t
1440048144.02465,lineitem,2084,ShareLock,f
1440048144.02465,lineitem,2083,ShareLock,f
1440048144.02465,lineitem,2085,ShareLock,f
1440048144.02465,lineitem,2082,ShareLock,t
1440048144.02465,lineitem,2082,AccessExclusiveLock,t
1440048144.02465,lineitem,2086,ShareLock,f
1440048144.02465,pg_index,2626,AccessShareLock,t
1440048144.02465,pg_locks,2624,AccessShareLock,t
1440048144.02465,pg_namespace,2626,AccessShareLock,t
1440048144.02465,pg_operator,2627,AccessShareLock,t
1440048144.02465,pg_operator_oprname_l_r_n_index,2627,AccessShareLock,t
1440048144.02465,pg_stat_activity,2628,AccessShareLock,t
1440048144.02465,pg_stat_all_indexes,2626,AccessShareLock,t
1440048144.02465,pg_stat_all_tables,2627,AccessShareLock,t
1440048144.02465,pg_stat_database,2625,AccessShareLock,t
1440048144.02465,pg_statio_all_indexes,2626,AccessShareLock,t
1440048144.02465,pg_statio_all_tables,2627,AccessShareLock,t
1440048204.02695,lineitem,2082,AccessExclusiveLock,t
1440048204.02695,lineitem,2084,ShareLock,f
1440048204.02695,lineitem,2082,ShareLock,t
1440048204.02695,lineitem,2085,ShareLock,f
1440048204.02695,lineitem,2086,ShareLock,f
1440048204.02695,lineitem,2083,ShareLock,f
1440048204.02695,pg_cast,2640,AccessShareLock,t
1440048204.02695,pg_cast_source_target_index,2640,AccessShareLock,t
1440048204.02695,pg_locks,2638,AccessShareLock,t
1440048204.02695,pg_rewrite,2641,AccessShareLock,t
1440048204.02695,pg_rewrite_rel_rulename_index,2641,AccessShareLock,t
1440048204.02695,pg_stat_activity,2639,AccessShareLock,t
1440048204.02695,pg_stat_all_indexes,2640,AccessShareLock,t
1440048204.02695,pg_stat_all_tables,2641,AccessShareLock,t
1440048204.02695,pg_stat_database,2637,AccessShareLock,t
1440048204.02695,pg_statio_all_indexes,2640,AccessShareLock,t
1440048204.02695,pg_statio_all_tables,2641,AccessShareLock,t
1440048264.02913,lineitem,2085,ShareLock,f
1440048264.02913,lineitem,2082,ShareLock,t
1440048264.02913,lineitem,2082,AccessExclusiveLock,t
1440048264.02913,lineitem,2086,ShareLock,f
1440048264.02913,lineitem,2083,ShareLock,f
1440048264.02913,lineitem,2084,ShareLock,f
1440048264.02913,pg_index,2653,AccessShareLock,t
1440048264.02913,pg_locks,2651,AccessShareLock,t
1440048264.02913,pg_stat_activity,2650,AccessShareLock,t
1440048264.02913,pg_stat_all_indexes,2653,AccessShareLock,t
1440048264.02913,pg_stat_all_tables,2654,AccessShareLock,t
1440048264.02913,pg_stat_database,2652,AccessShareLock,t
1440048264.02913,pg_statio_all_indexes,2653,AccessShareLock,t
1440048264.02913,pg_statio_all_tables,2654,AccessShareLock,t
1440048324.03127,lineitem,2085,ShareLock,f
1440048324.03127,lineitem,2083,ShareLock,f
1440048324.03127,lineitem,2084,ShareLock,f
1440048324.03127,lineitem,2082,ShareLock,t
1440048324.03127,lineitem,2082,AccessExclusiveLock,t
1440048324.03127,lineitem,2086,ShareLock,f
1440048324.03127,pg_index,2664,AccessShareLock,t
1440048324.03127,pg_index,2665,AccessShareLock,t
1440048324.03127,pg_locks,2663,AccessShareLock,t
1440048324.03127,pg_namespace,2665,AccessShareLock,t
1440048324.03127,pg_stat_activity,2666,AccessShareLock,t
1440048324.03127,pg_stat_all_indexes,2665,AccessShareLock,t
1440048324.03127,pg_stat_all_tables,2664,AccessShareLock,t
1440048324.03127,pg_stat_database,2667,AccessShareLock,t
1440048324.03127,pg_statio_all_indexes,2665,AccessShareLock,t
1440048324.03127,pg_statio_all_tables,2664,AccessShareLock,t
1440048384.03356,lineitem,2082,AccessExclusiveLock,t
1440048384.03356,lineitem,2082,ShareLock,t
1440048384.03356,lineitem,2085,ShareLock,f
1440048384.03356,lineitem,2084,ShareLock,f
1440048384.03356,lineitem,2083,ShareLock,f
1440048384.03356,lineitem,2086,ShareLock,f
1440048384.03356,pg_amproc,2679,AccessShareLock,t
1440048384.03356,pg_amproc_fam_proc_index,2679,AccessShareLock,t
1440048384.03356,pg_locks,2677,AccessShareLock,t
1440048384.03356,pg_rewrite,2679,AccessShareLock,t
1440048384.03356,pg_rewrite_rel_rulename_index,2679,AccessShareLock,t
1440048384.03356,pg_stat_activity,2676,AccessShareLock,t
1440048384.03356,pg_stat_all_indexes,2679,AccessShareLock,t
1440048384.03356,pg_stat_all_tables,2680,AccessShareLock,t
1440048384.03356,pg_stat_database,2678,AccessShareLock,t
1440048384.03356,pg_statio_all_tables,2680,AccessShareLock,t
1440048384.03356,pg_toast_2618,2679,AccessShareLock,t
1440048384.03356,pg_toast_2618_index,2679,AccessShareLock,t
1440048444.036,lineitem,2084,ShareLock,f
1440048444.036,lineitem,2085,ShareLock,f
1440048444.036,lineitem,2083,ShareLock,f
1440048444.036,lineitem,2082,ShareLock,t
1440048444.036,lineitem,2082,AccessExclusiveLock,t
1440048444.036,lineitem,2086,ShareLock,f
1440048444.036,pg_index,2692,AccessShareLock,t
1440048444.036,pg_index,2693,AccessShareLock,t
1440048444.036,pg_locks,2691,AccessShareLock,t
1440048444.036,pg_namespace,2692,AccessShareLock,t
1440048444.036,pg_namespace,2693,AccessShareLock,t
1440048444.036,pg_stat_all_indexes,2692,AccessShareLock,t
1440048444.036,pg_stat_all_tables,2693,AccessShareLock,t
1440048444.036,pg_stat_database,2690,AccessShareLock,t
1440048444.036,pg_statio_all_indexes,2692,AccessShareLock,t
1440048444.036,pg_statio_all_tables,2693,AccessShareLock,t
1440048504.03947,lineitem,2085,ShareLock,f
1440048504.03947,lineitem,2082,ShareLock,t
1440048504.03947,lineitem,2086,ShareLock,f
1440048504.03947,lineitem,2083,ShareLock,f
1440048504.03947,lineitem,2084,ShareLock,f
1440048504.03947,lineitem,2082,AccessExclusiveLock,t
1440048504.03947,pg_amproc,2703,AccessShareLock,t
1440048504.03947,pg_amproc_fam_proc_index,2703,AccessShareLock,t
1440048504.03947,pg_locks,2702,AccessShareLock,t
1440048504.03947,pg_opclass,2706,AccessShareLock,t
1440048504.03947,pg_opclass_oid_index,2706,AccessShareLock,t
1440048504.03947,pg_rewrite,2705,AccessShareLock,t
1440048504.03947,pg_rewrite,2706,AccessShareLock,t
1440048504.03947,pg_rewrite_rel_rulename_index,2705,AccessShareLock,t
1440048504.03947,pg_rewrite_rel_rulename_index,2706,AccessShareLock,t
1440048504.03947,pg_stat_activity,2703,AccessShareLock,t
1440048504.03947,pg_stat_all_indexes,2706,AccessShareLock,t
1440048504.03947,pg_stat_database,2704,AccessShareLock,t
1440048504.03947,pg_statio_all_tables,2705,AccessShareLock,t
1440048504.03947,pg_toast_2618,2706,AccessShareLock,t
1440048504.03947,pg_toast_2618_index,2706,AccessShareLock,t
1440048564.04164,lineitem,2082,AccessExclusiveLock,t
1440048564.04164,lineitem,2084,ShareLock,f
1440048564.04164,lineitem,2082,ShareLock,t
1440048564.04164,lineitem,2085,ShareLock,f
1440048564.04164,lineitem,2086,ShareLock,f
1440048564.04164,lineitem,2083,ShareLock,f
1440048564.04164,pg_cast,2719,AccessShareLock,t
1440048564.04164,pg_cast_source_target_index,2719,AccessShareLock,t
1440048564.04164,pg_locks,2715,AccessShareLock,t
1440048564.04164,pg_stat_activity,2717,AccessShareLock,t
1440048564.04164,pg_stat_all_indexes,2719,AccessShareLock,t
1440048564.04164,pg_stat_all_tables,2718,AccessShareLock,t
1440048564.04164,pg_stat_database,2716,AccessShareLock,t
1440048564.04164,pg_statio_all_indexes,2719,AccessShareLock,t
1440048564.04164,pg_statio_all_tables,2718,AccessShareLock,t
1440048624.04411,lineitem,2085,ShareLock,t
1440048624.04411,lineitem,2086,ShareLock,t
1440048624.04411,lineitem,2083,ShareLock,t
1440048624.04411,lineitem,2084,ShareLock,t
1440048624.04411,pg_index,2738,AccessShareLock,t
1440048624.04411,pg_index,2739,AccessShareLock,t
1440048624.04411,pg_locks,2736,AccessShareLock,t
1440048624.04411,pg_namespace,2738,AccessShareLock,t
1440048624.04411,pg_stat_all_indexes,2738,AccessShareLock,t
1440048624.04411,pg_stat_all_tables,2739,AccessShareLock,t
1440048624.04411,pg_stat_database,2737,AccessShareLock,t
1440048624.04411,pg_statio_all_indexes,2738,AccessShareLock,t
1440048624.04411,pg_statio_all_tables,2739,AccessShareLock,t
1440048684.04759,lineitem,2085,ShareLock,t
1440048684.04759,lineitem,2086,ShareLock,t
1440048684.04759,lineitem,2083,ShareLock,t
1440048684.04759,lineitem,2084,ShareLock,t
1440048684.04759,pg_index,2750,AccessShareLock,t
1440048684.04759,pg_index,2753,AccessShareLock,t
1440048684.04759,pg_locks,2751,AccessShareLock,t
1440048684.04759,pg_namespace,2750,AccessShareLock,t
1440048684.04759,pg_namespace,2753,AccessShareLock,t
1440048684.04759,pg_stat_activity,2752,AccessShareLock,t
1440048684.04759,pg_stat_all_indexes,2753,AccessShareLock,t
1440048684.04759,pg_stat_all_tables,2750,AccessShareLock,t
1440048684.04759,pg_stat_database,2749,AccessShareLock,t
1440048684.04759,pg_statio_all_indexes,2753,AccessShareLock,t
1440048684.04759,pg_statio_all_tables,2750,AccessShareLock,t
1440048744.05093,lineitem,2085,ShareLock,t
1440048744.05093,lineitem,2086,ShareLock,t
1440048744.05093,lineitem,2083,ShareLock,t
1440048744.05093,lineitem,2084,ShareLock,t
1440048744.05093,pg_index,2762,AccessShareLock,t
1440048744.05093,pg_locks,2764,AccessShareLock,t
1440048744.05093,pg_namespace,2762,AccessShareLock,t
1440048744.05093,pg_rewrite,2763,AccessShareLock,t
1440048744.05093,pg_rewrite_rel_rulename_index,2763,AccessShareLock,t
1440048744.05093,pg_stat_activity,2765,AccessShareLock,t
1440048744.05093,pg_stat_all_indexes,2762,AccessShareLock,t
1440048744.05093,pg_stat_all_tables,2763,AccessShareLock,t
1440048744.05093,pg_stat_database,2766,AccessShareLock,t
1440048744.05093,pg_statio_all_indexes,2762,AccessShareLock,t
1440048744.05093,pg_statio_all_tables,2763,AccessShareLock,t
1440048744.05093,pg_statistic,2765,AccessShareLock,t
1440048744.05093,pg_statistic_relid_att_inh_index,2765,AccessShareLock,t
1440048804.05366,lineitem,2085,ShareLock,t
1440048804.05366,lineitem,2086,ShareLock,t
1440048804.05366,lineitem,2084,ShareLock,t
1440048804.05366,pg_index,2775,AccessShareLock,t
1440048804.05366,pg_locks,2778,AccessShareLock,t
1440048804.05366,pg_namespace,2775,AccessShareLock,t
1440048804.05366,pg_stat_activity,2779,AccessShareLock,t
1440048804.05366,pg_stat_all_indexes,2776,AccessShareLock,t
1440048804.05366,pg_stat_all_tables,2775,AccessShareLock,t
1440048804.05366,pg_stat_database,2777,AccessShareLock,t
1440048804.05366,pg_statio_all_indexes,2776,AccessShareLock,t
1440048804.05366,pg_statio_all_tables,2775,AccessShareLock,t
1440048864.05475,lineitem,2085,ShareLock,t
1440048864.05475,lineitem,2086,ShareLock,t
1440048864.05475,lineitem,2084,ShareLock,t
1440048864.05475,pg_locks,2790,AccessShareLock,t
1440048864.05475,pg_stat_activity,2788,AccessShareLock,t
1440048864.05475,pg_stat_all_indexes,2792,AccessShareLock,t
1440048864.05475,pg_stat_all_tables,2791,AccessShareLock,t
1440048864.05475,pg_stat_database,2789,AccessShareLock,t
1440048864.05475,pg_statio_all_indexes,2792,AccessShareLock,t
1440048864.05475,pg_statio_all_tables,2791,AccessShareLock,t
1440048924.05645,lineitem,2085,ShareLock,t
1440048924.05645,lineitem,2084,ShareLock,t
1440048924.05645,lineitem,2086,ShareLock,t
1440048924.05645,pg_amop,2803,AccessShareLock,t
1440048924.05645,pg_amop_fam_strat_index,2803,AccessShareLock,t
1440048924.05645,pg_index,2802,AccessShareLock,t
1440048924.05645,pg_locks,2801,AccessShareLock,t
1440048924.05645,pg_namespace,2802,AccessShareLock,t
1440048924.05645,pg_operator,2802,AccessShareLock,t
1440048924.05645,pg_operator_oid_index,2802,AccessShareLock,t
1440048924.05645,pg_stat_activity,2803,AccessShareLock,t
1440048924.05645,pg_stat_all_indexes,2802,AccessShareLock,t
1440048924.05645,pg_stat_all_tables,2804,AccessShareLock,t
1440048924.05645,pg_stat_database,2805,AccessShareLock,t
1440048924.05645,pg_statio_all_indexes,2802,AccessShareLock,t
1440048924.05645,pg_statio_all_tables,2804,AccessShareLock,t
1440048984.05963,lineitem,2085,ShareLock,t
1440048984.05963,lineitem,2084,ShareLock,t
1440048984.05963,lineitem,2086,ShareLock,t
1440048984.05963,pg_amproc,2816,AccessShareLock,t
1440048984.05963,pg_index,2818,AccessShareLock,t
1440048984.05963,pg_locks,2815,AccessShareLock,t
1440048984.05963,pg_rewrite,2817,AccessShareLock,t
1440048984.05963,pg_rewrite_rel_rulename_index,2817,AccessShareLock,t
1440048984.05963,pg_stat_activity,2816,AccessShareLock,t
1440048984.05963,pg_stat_all_indexes,2818,AccessShareLock,t
1440048984.05963,pg_stat_database,2814,AccessShareLock,t
1440048984.05963,pg_statio_all_indexes,2818,AccessShareLock,t
1440048984.05963,pg_statio_all_tables,2817,AccessShareLock,t
1440049044.06238,lineitem,2084,ShareLock,t
1440049044.06238,lineitem,2085,ShareLock,t
1440049044.06238,lineitem,2086,ShareLock,t
1440049044.06238,pg_locks,2827,AccessShareLock,t
1440049044.06238,pg_rewrite,2831,AccessShareLock,t
1440049044.06238,pg_rewrite,2830,AccessShareLock,t
1440049044.06238,pg_rewrite_rel_rulename_index,2830,AccessShareLock,t
1440049044.06238,pg_rewrite_rel_rulename_index,2831,AccessShareLock,t
1440049044.06238,pg_stat_activity,2828,AccessShareLock,t
1440049044.06238,pg_stat_all_indexes,2831,AccessShareLock,t
1440049044.06238,pg_stat_all_tables,2830,AccessShareLock,t
1440049044.06238,pg_stat_database,2829,AccessShareLock,t
1440049044.06238,pg_statio_all_indexes,2831,AccessShareLock,t
1440049044.06238,pg_statio_all_tables,2830,AccessShareLock,t
1440049104.06434,lineitem,2085,ShareLock,t
1440049104.06434,lineitem,2086,ShareLock,t
1440049104.06434,lineitem,2084,ShareLock,t
1440049104.06434,pg_index,2843,AccessShareLock,t
1440049104.06434,pg_index,2842,AccessShareLock,t
1440049104.06434,pg_locks,2840,AccessShareLock,t
1440049104.06434,pg_namespace,2843,AccessShareLock,t
1440049104.06434,pg_stat_activity,2841,AccessShareLock,t
1440049104.06434,pg_stat_all_indexes,2843,AccessShareLock,t
1440049104.06434,pg_stat_all_tables,2842,AccessShareLock,t
1440049104.06434,pg_stat_database,2844,AccessShareLock,t
1440049104.06434,pg_statio_all_indexes,2843,AccessShareLock,t
1440049104.06434,pg_statio_all_tables,2842,AccessShareLock,t
1440049164.06535,lineitem,2085,ShareLock,t
1440049164.06535,lineitem,2086,ShareLock,t
1440049164.06535,pg_locks,2855,AccessShareLock,t
1440049164.06535,pg_operator,2859,AccessShareLock,t
1440049164.06535,pg_stat_activity,2856,AccessShareLock,t
1440049164.06535,pg_stat_all_indexes,2859,AccessShareLock,t
1440049164.06535,pg_stat_all_tables,2858,AccessShareLock,t
1440049164.06535,pg_stat_database,2857,AccessShareLock,t
1440049164.06535,pg_statio_all_indexes,2859,AccessShareLock,t
1440049164.06535,pg_statio_all_tables,2858,AccessShareLock,t
1440049224.06769,lineitem,2085,ShareLock,t
1440049224.06769,lineitem,2086,ShareLock,t
1440049224.06769,pg_locks,2877,AccessShareLock,t
1440049224.06769,pg_stat_activity,2875,AccessShareLock,t
1440049224.06769,pg_stat_all_indexes,2879,AccessShareLock,t
1440049224.06769,pg_stat_all_tables,2878,AccessShareLock,t
1440049224.06769,pg_stat_database,2876,AccessShareLock,t
1440049224.06769,pg_statio_all_indexes,2879,AccessShareLock,t
1440049224.06769,pg_statio_all_tables,2878,AccessShareLock,t
1440049284.06968,lineitem,2085,ShareLock,t
1440049284.06968,lineitem,2086,ShareLock,t
1440049284.06968,pg_locks,2889,AccessShareLock,t
1440049284.06968,pg_operator,2892,AccessShareLock,t
1440049284.06968,pg_operator_oprname_l_r_n_index,2892,AccessShareLock,t
1440049284.06968,pg_stat_activity,2888,AccessShareLock,t
1440049284.06968,pg_stat_all_indexes,2892,AccessShareLock,t
1440049284.06968,pg_stat_all_tables,2891,AccessShareLock,t
1440049284.06968,pg_stat_database,2890,AccessShareLock,t
1440049284.06968,pg_statio_all_indexes,2892,AccessShareLock,t
1440049284.06968,pg_statio_all_tables,2891,AccessShareLock,t
1440049344.07211,lineitem,2085,ShareLock,t
1440049344.07211,lineitem,2086,ShareLock,t
1440049344.07211,pg_index,2905,AccessShareLock,t
1440049344.07211,pg_index,2904,AccessShareLock,t
1440049344.07211,pg_locks,2902,AccessShareLock,t
1440049344.07211,pg_namespace,2905,AccessShareLock,t
1440049344.07211,pg_stat_activity,2903,AccessShareLock,t
1440049344.07211,pg_stat_all_indexes,2905,AccessShareLock,t
1440049344.07211,pg_stat_all_tables,2904,AccessShareLock,t
1440049344.07211,pg_stat_database,2901,AccessShareLock,t
1440049344.07211,pg_statio_all_indexes,2905,AccessShareLock,t
1440049344.07211,pg_statio_all_tables,2904,AccessShareLock,t
1440049404.0735,lineitem,2086,ShareLock,t
1440049404.0735,lineitem,2085,ShareLock,t
1440049404.0735,pg_locks,2914,AccessShareLock,t
1440049404.0735,pg_rewrite,2918,AccessShareLock,t
1440049404.0735,pg_rewrite,2917,AccessShareLock,t
1440049404.0735,pg_rewrite_rel_rulename_index,2917,AccessShareLock,t
1440049404.0735,pg_rewrite_rel_rulename_index,2918,AccessShareLock,t
1440049404.0735,pg_stat_activity,2916,AccessShareLock,t
1440049404.0735,pg_stat_all_indexes,2918,AccessShareLock,t
1440049404.0735,pg_stat_database,2915,AccessShareLock,t
1440049404.0735,pg_statio_all_indexes,2918,AccessShareLock,t
1440049404.0735,pg_statio_all_tables,2917,AccessShareLock,t
1440049464.07568,lineitem,2085,ShareLock,t
1440049464.07568,pg_locks,2927,AccessShareLock,t
1440049464.07568,pg_stat_activity,2928,AccessShareLock,t
1440049464.07568,pg_stat_all_indexes,2930,AccessShareLock,t
1440049464.07568,pg_stat_all_tables,2931,AccessShareLock,t
1440049464.07568,pg_stat_database,2929,AccessShareLock,t
1440049464.07568,pg_statio_all_indexes,2930,AccessShareLock,t
1440049464.07568,pg_statio_all_tables,2931,AccessShareLock,t
1440049524.07794,lineitem,2085,ShareLock,t
1440049524.07794,pg_index,2940,AccessShareLock,t
1440049524.07794,pg_locks,2941,AccessShareLock,t
1440049524.07794,pg_stat_activity,2942,AccessShareLock,t
1440049524.07794,pg_stat_all_indexes,2944,AccessShareLock,t
1440049524.07794,pg_stat_all_tables,2940,AccessShareLock,t
1440049524.07794,pg_stat_database,2943,AccessShareLock,t
1440049524.07794,pg_statio_all_indexes,2944,AccessShareLock,t
1440049524.07794,pg_statio_all_tables,2940,AccessShareLock,t
1440049584.08005,lineitem,2085,ShareLock,t
1440049584.08005,pg_index,2959,AccessShareLock,t
1440049584.08005,pg_index,2955,AccessShareLock,t
1440049584.08005,pg_locks,2957,AccessShareLock,t
1440049584.08005,pg_namespace,2955,AccessShareLock,t
1440049584.08005,pg_stat_activity,2958,AccessShareLock,t
1440049584.08005,pg_stat_all_indexes,2955,AccessShareLock,t
1440049584.08005,pg_stat_all_tables,2959,AccessShareLock,t
1440049584.08005,pg_stat_database,2956,AccessShareLock,t
1440049584.08005,pg_statio_all_indexes,2955,AccessShareLock,t
1440049584.08005,pg_statio_all_tables,2959,AccessShareLock,t
1440049644.08193,lineitem,2085,ShareLock,t
1440049644.08193,pg_index,2973,AccessShareLock,t
1440049644.08193,pg_locks,2970,AccessShareLock,t
1440049644.08193,pg_stat_activity,2969,AccessShareLock,t
1440049644.08193,pg_stat_all_indexes,2973,AccessShareLock,t
1440049644.08193,pg_stat_all_tables,2972,AccessShareLock,t
1440049644.08193,pg_stat_database,2971,AccessShareLock,t
1440049644.08193,pg_statio_all_indexes,2973,AccessShareLock,t
1440049644.08193,pg_statio_all_tables,2972,AccessShareLock,t
1440049704.08389,lineitem,2085,ShareLock,t
1440049704.08389,pg_index,2984,AccessShareLock,t
1440049704.08389,pg_index,2985,AccessShareLock,t
1440049704.08389,pg_locks,2986,AccessShareLock,t
1440049704.08389,pg_stat_activity,2983,AccessShareLock,t
1440049704.08389,pg_stat_all_indexes,2985,AccessShareLock,t
1440049704.08389,pg_stat_all_tables,2984,AccessShareLock,t
1440049704.08389,pg_stat_database,2982,AccessShareLock,t
1440049704.08389,pg_statio_all_indexes,2985,AccessShareLock,t
1440049704.08389,pg_statio_all_tables,2984,AccessShareLock,t
1440049764.08531,lineitem,2085,ShareLock,t
1440049764.08531,pg_locks,2996,AccessShareLock,t
1440049764.08531,pg_stat_activity,2995,AccessShareLock,t
1440049764.08531,pg_stat_all_indexes,2999,AccessShareLock,t
1440049764.08531,pg_stat_all_tables,2998,AccessShareLock,t
1440049764.08531,pg_stat_database,2997,AccessShareLock,t
1440049764.08531,pg_statio_all_indexes,2999,AccessShareLock,t
1440049764.08531,pg_statio_all_tables,2998,AccessShareLock,t
1440049824.08776,lineitem,2085,ShareLock,t
1440049824.08776,pg_index,3019,AccessShareLock,t
1440049824.08776,pg_locks,3018,AccessShareLock,t
1440049824.08776,pg_stat_activity,3016,AccessShareLock,t
1440049824.08776,pg_stat_all_indexes,3019,AccessShareLock,t
1440049824.08776,pg_stat_all_tables,3017,AccessShareLock,t
1440049824.08776,pg_stat_database,3015,AccessShareLock,t
1440049824.08776,pg_statio_all_indexes,3019,AccessShareLock,t
1440049824.08776,pg_statio_all_tables,3017,AccessShareLock,t
1440049884.08966,lineitem,2085,ShareLock,t
1440049884.08966,pg_locks,3029,AccessShareLock,t
1440049884.08966,pg_operator,3032,AccessShareLock,t
1440049884.08966,pg_operator_oid_index,3032,AccessShareLock,t
1440049884.08966,pg_stat_activity,3030,AccessShareLock,t
1440049884.08966,pg_stat_all_indexes,3031,AccessShareLock,t
1440049884.08966,pg_stat_all_tables,3032,AccessShareLock,t
1440049884.08966,pg_stat_database,3028,AccessShareLock,t
1440049884.08966,pg_statio_all_indexes,3031,AccessShareLock,t
1440049884.08966,pg_statio_all_tables,3032,AccessShareLock,t
1440049944.09226,lineitem,2085,ShareLock,t
1440049944.09226,pg_index,3042,AccessShareLock,t
1440049944.09226,pg_locks,3045,AccessShareLock,t
1440049944.09226,pg_namespace,3042,AccessShareLock,t
1440049944.09226,pg_operator,3044,AccessShareLock,t
1440049944.09226,pg_operator_oprname_l_r_n_index,3044,AccessShareLock,t
1440049944.09226,pg_stat_all_indexes,3042,AccessShareLock,t
1440049944.09226,pg_stat_all_tables,3044,AccessShareLock,t
1440049944.09226,pg_stat_database,3041,AccessShareLock,t
1440049944.09226,pg_statio_all_indexes,3042,AccessShareLock,t
1440049944.09226,pg_statio_all_tables,3044,AccessShareLock,t
1440050004.09429,lineitem,2085,ShareLock,t
1440050004.09429,pg_index,3056,AccessShareLock,t
1440050004.09429,pg_index,3057,AccessShareLock,t
1440050004.09429,pg_locks,3058,AccessShareLock,t
1440050004.09429,pg_namespace,3056,AccessShareLock,t
1440050004.09429,pg_stat_activity,3055,AccessShareLock,t
1440050004.09429,pg_stat_all_indexes,3056,AccessShareLock,t
1440050004.09429,pg_stat_all_tables,3057,AccessShareLock,t
1440050004.09429,pg_stat_database,3054,AccessShareLock,t
1440050004.09429,pg_statio_all_indexes,3056,AccessShareLock,t
1440050004.09429,pg_statio_all_tables,3057,AccessShareLock,t
1440050064.09569,lineitem,2085,ShareLock,t
1440050064.09569,pg_locks,3067,AccessShareLock,t
1440050064.09569,pg_stat_activity,3068,AccessShareLock,t
1440050064.09569,pg_stat_all_indexes,3071,AccessShareLock,t
1440050064.09569,pg_stat_all_tables,3070,AccessShareLock,t
1440050064.09569,pg_stat_database,3069,AccessShareLock,t
1440050064.09569,pg_statio_all_indexes,3071,AccessShareLock,t
1440050064.09569,pg_statio_all_tables,3070,AccessShareLock,t
1440050124.09793,lineitem,2085,ShareLock,t
1440050124.09793,pg_index,3080,AccessShareLock,t
1440050124.09793,pg_locks,3082,AccessShareLock,t
1440050124.09793,pg_namespace,3080,AccessShareLock,t
1440050124.09793,pg_stat_activity,3081,AccessShareLock,t
1440050124.09793,pg_stat_all_indexes,3084,AccessShareLock,t
1440050124.09793,pg_stat_all_tables,3080,AccessShareLock,t
1440050124.09793,pg_stat_database,3083,AccessShareLock,t
1440050124.09793,pg_statio_all_indexes,3084,AccessShareLock,t
1440050124.09793,pg_statio_all_tables,3080,AccessShareLock,t
1440050184.09988,lineitem,2085,ShareLock,t
1440050184.09988,pg_cast,3097,AccessShareLock,t
1440050184.09988,pg_cast,3096,AccessShareLock,t
1440050184.09988,pg_cast_source_target_index,3097,AccessShareLock,t
1440050184.09988,pg_cast_source_target_index,3096,AccessShareLock,t
1440050184.09988,pg_locks,3094,AccessShareLock,t
1440050184.09988,pg_stat_activity,3093,AccessShareLock,t
1440050184.09988,pg_stat_all_indexes,3097,AccessShareLock,t
1440050184.09988,pg_stat_all_tables,3096,AccessShareLock,t
1440050184.09988,pg_stat_database,3095,AccessShareLock,t
1440050184.09988,pg_statio_all_indexes,3097,AccessShareLock,t
1440050184.09988,pg_statio_all_tables,3096,AccessShareLock,t
1440050244.10135,lineitem,2085,ShareLock,t
1440050244.10135,pg_locks,3108,AccessShareLock,t
1440050244.10135,pg_rewrite,3110,AccessShareLock,t
1440050244.10135,pg_stat_activity,3107,AccessShareLock,t
1440050244.10135,pg_stat_all_indexes,3109,AccessShareLock,t
1440050244.10135,pg_stat_database,3106,AccessShareLock,t
1440050244.10135,pg_statio_all_indexes,3109,AccessShareLock,t
1440050244.10135,pg_statio_all_tables,3110,AccessShareLock,t
1440050304.10391,lineitem,2085,ShareLock,t
1440050304.10391,pg_index,3122,AccessShareLock,t
1440050304.10391,pg_locks,3123,AccessShareLock,t
1440050304.10391,pg_stat_activity,3121,AccessShareLock,t
1440050304.10391,pg_stat_all_indexes,3124,AccessShareLock,t
1440050304.10391,pg_stat_all_tables,3122,AccessShareLock,t
1440050304.10391,pg_stat_database,3120,AccessShareLock,t
1440050304.10391,pg_statio_all_indexes,3124,AccessShareLock,t
1440050304.10391,pg_statio_all_tables,3122,AccessShareLock,t
1440050364.10578,lineitem,2085,ShareLock,t
1440050364.10578,pg_amproc,3136,AccessShareLock,t
1440050364.10578,pg_amproc_fam_proc_index,3136,AccessShareLock,t
1440050364.10578,pg_locks,3134,AccessShareLock,t
1440050364.10578,pg_operator,3137,AccessShareLock,t
1440050364.10578,pg_operator_oprname_l_r_n_index,3137,AccessShareLock,t
1440050364.10578,pg_stat_activity,3136,AccessShareLock,t
1440050364.10578,pg_stat_all_indexes,3138,AccessShareLock,t
1440050364.10578,pg_stat_all_tables,3137,AccessShareLock,t
1440050364.10578,pg_stat_database,3135,AccessShareLock,t
1440050364.10578,pg_statio_all_indexes,3138,AccessShareLock,t
1440050364.10578,pg_statio_all_tables,3137,AccessShareLock,t
1440050424.10746,lineitem,2085,ShareLock,t
1440050424.10746,pg_index,3156,AccessShareLock,t
1440050424.10746,pg_index,3154,AccessShareLock,t
1440050424.10746,pg_index_indexrelid_index,3156,AccessShareLock,t
1440050424.10746,pg_index_indrelid_index,3156,AccessShareLock,t
1440050424.10746,pg_locks,3155,AccessShareLock,t
1440050424.10746,pg_rewrite,3156,AccessShareLock,t
1440050424.10746,pg_rewrite_rel_rulename_index,3156,AccessShareLock,t
1440050424.10746,pg_stat_activity,3156,AccessShareLock,t
1440050424.10746,pg_stat_all_indexes,3158,AccessShareLock,t
1440050424.10746,pg_stat_all_tables,3154,AccessShareLock,t
1440050424.10746,pg_stat_database,3157,AccessShareLock,t
1440050424.10746,pg_statio_all_indexes,3158,AccessShareLock,t
1440050424.10746,pg_statio_all_tables,3154,AccessShareLock,t
1440050424.10746,pg_toast_2618,3156,AccessShareLock,t
1440050484.11054,lineitem,2085,ShareLock,t
1440050484.11054,pg_index,3191,AccessShareLock,t
1440050484.11054,pg_index,3192,AccessShareLock,t
1440050484.11054,pg_locks,3190,AccessShareLock,t
1440050484.11054,pg_namespace,3192,AccessShareLock,t
1440050484.11054,pg_stat_activity,3193,AccessShareLock,t
1440050484.11054,pg_stat_all_indexes,3192,AccessShareLock,t
1440050484.11054,pg_stat_all_tables,3191,AccessShareLock,t
1440050484.11054,pg_stat_database,3189,AccessShareLock,t
1440050484.11054,pg_statio_all_indexes,3192,AccessShareLock,t
1440050484.11054,pg_statio_all_tables,3191,AccessShareLock,t
1440050544.11208,lineitem,2085,ShareLock,t
1440050544.11208,pg_locks,3202,AccessShareLock,t
1440050544.11208,pg_stat_activity,3203,AccessShareLock,t
1440050544.11208,pg_stat_all_indexes,3206,AccessShareLock,t
1440050544.11208,pg_stat_all_tables,3205,AccessShareLock,t
1440050544.11208,pg_stat_database,3204,AccessShareLock,t
1440050544.11208,pg_statio_all_indexes,3206,AccessShareLock,t
1440050544.11208,pg_statio_all_tables,3205,AccessShareLock,t
1440050604.11358,lineitem,2085,ShareLock,t
1440050604.11358,pg_locks,3215,AccessShareLock,t
1440050604.11358,pg_stat_activity,3216,AccessShareLock,t
1440050604.11358,pg_stat_all_indexes,3219,AccessShareLock,t
1440050604.11358,pg_stat_all_tables,3218,AccessShareLock,t
1440050604.11358,pg_stat_database,3217,AccessShareLock,t
1440050604.11358,pg_statio_all_tables,3218,AccessShareLock,t
1440050664.1165,lineitem,2085,ShareLock,t
1440050664.1165,pg_index,3234,AccessShareLock,t
1440050664.1165,pg_locks,3231,AccessShareLock,t
1440050664.1165,pg_namespace,3234,AccessShareLock,t
1440050664.1165,pg_stat_activity,3232,AccessShareLock,t
1440050664.1165,pg_stat_all_indexes,3234,AccessShareLock,t
1440050664.1165,pg_stat_all_tables,3233,AccessShareLock,t
1440050664.1165,pg_stat_database,3230,AccessShareLock,t
1440050664.1165,pg_statio_all_indexes,3234,AccessShareLock,t
1440050664.1165,pg_statio_all_tables,3233,AccessShareLock,t
1440050724.11861,lineitem,2085,ShareLock,t
1440050724.11861,pg_index,3246,AccessShareLock,t
1440050724.11861,pg_index,3248,AccessShareLock,t
1440050724.11861,pg_locks,3245,AccessShareLock,t
1440050724.11861,pg_namespace,3248,AccessShareLock,t
1440050724.11861,pg_stat_activity,3247,AccessShareLock,t
1440050724.11861,pg_stat_all_indexes,3248,AccessShareLock,t
1440050724.11861,pg_stat_all_tables,3246,AccessShareLock,t
1440050724.11861,pg_stat_database,3249,AccessShareLock,t
1440050724.11861,pg_statio_all_indexes,3248,AccessShareLock,t
1440050724.11861,pg_statio_all_tables,3246,AccessShareLock,t
1440050784.11991,lineitem,2085,ShareLock,t
1440050784.11991,pg_index,3264,AccessShareLock,t
1440050784.11991,pg_index,3263,AccessShareLock,t
1440050784.11991,pg_locks,3262,AccessShareLock,t
1440050784.11991,pg_namespace,3264,AccessShareLock,t
1440050784.11991,pg_stat_activity,3260,AccessShareLock,t
1440050784.11991,pg_stat_all_indexes,3264,AccessShareLock,t
1440050784.11991,pg_stat_all_tables,3263,AccessShareLock,t
1440050784.11991,pg_stat_database,3261,AccessShareLock,t
1440050784.11991,pg_statio_all_indexes,3264,AccessShareLock,t
1440050784.11991,pg_statio_all_tables,3263,AccessShareLock,t
1440050844.12248,lineitem,2085,ShareLock,t
1440050844.12248,pg_locks,3274,AccessShareLock,t
1440050844.12248,pg_operator,3277,AccessShareLock,t
1440050844.12248,pg_operator_oid_index,3277,AccessShareLock,t
1440050844.12248,pg_stat_activity,3275,AccessShareLock,t
1440050844.12248,pg_stat_all_indexes,3277,AccessShareLock,t
1440050844.12248,pg_stat_all_tables,3276,AccessShareLock,t
1440050844.12248,pg_stat_database,3273,AccessShareLock,t
1440050844.12248,pg_statio_all_indexes,3277,AccessShareLock,t
1440050844.12248,pg_statio_all_tables,3276,AccessShareLock,t
1440050904.12437,lineitem,2085,ShareLock,t
1440050904.12437,pg_index,3290,AccessShareLock,t
1440050904.12437,pg_index,3289,AccessShareLock,t
1440050904.12437,pg_locks,3286,AccessShareLock,t
1440050904.12437,pg_namespace,3290,AccessShareLock,t
1440050904.12437,pg_stat_activity,3287,AccessShareLock,t
1440050904.12437,pg_stat_all_indexes,3290,AccessShareLock,t
1440050904.12437,pg_stat_all_tables,3289,AccessShareLock,t
1440050904.12437,pg_stat_database,3288,AccessShareLock,t
1440050904.12437,pg_statio_all_indexes,3290,AccessShareLock,t
1440050904.12437,pg_statio_all_tables,3289,AccessShareLock,t
1440050964.1258,lineitem,2085,ShareLock,t
1440050964.1258,pg_index,3301,AccessShareLock,t
1440050964.1258,pg_index,3303,AccessShareLock,t
1440050964.1258,pg_locks,3300,AccessShareLock,t
1440050964.1258,pg_namespace,3303,AccessShareLock,t
1440050964.1258,pg_stat_activity,3302,AccessShareLock,t
1440050964.1258,pg_stat_all_indexes,3303,AccessShareLock,t
1440050964.1258,pg_stat_all_tables,3301,AccessShareLock,t
1440050964.1258,pg_stat_database,3299,AccessShareLock,t
1440050964.1258,pg_statio_all_indexes,3303,AccessShareLock,t
1440050964.1258,pg_statio_all_tables,3301,AccessShareLock,t
1440051024.12718,lineitem,2085,ShareLock,t
1440051024.12718,pg_locks,3319,AccessShareLock,t
1440051024.12718,pg_operator,3323,AccessShareLock,t
1440051024.12718,pg_operator_oid_index,3323,AccessShareLock,t
1440051024.12718,pg_stat_activity,3322,AccessShareLock,t
1440051024.12718,pg_stat_all_indexes,3323,AccessShareLock,t
1440051024.12718,pg_stat_all_tables,3320,AccessShareLock,t
1440051024.12718,pg_stat_database,3321,AccessShareLock,t
1440051024.12718,pg_statio_all_indexes,3323,AccessShareLock,t
1440051024.12718,pg_statio_all_tables,3320,AccessShareLock,t
1440051084.12956,lineitem,3325,ShareUpdateExclusiveLock,t
1440051084.12956,lineitem_l_orderkey_idx,3325,RowExclusiveLock,t
1440051084.12956,lineitem_l_orderkey_idx_l_returnflag,3325,RowExclusiveLock,t
1440051084.12956,lineitem_l_orderkey_idx_part1,3325,RowExclusiveLock,t
1440051084.12956,lineitem_l_orderkey_idx_part2,3325,RowExclusiveLock,t
1440051084.12956,lineitem_l_orderkey_l_linenumber_l_shipdate_idx,3325,RowExclusiveLock,t
1440051084.12956,lineitem_l_partkey_l_quantity_l_shipmode_idx,3325,RowExclusiveLock,t
1440051084.12956,lineitem_l_shipdate_l_suppkey__idx,3325,RowExclusiveLock,t
1440051084.12956,pg_locks,3334,AccessShareLock,t
1440051084.12956,pg_rewrite,3338,AccessShareLock,t
1440051084.12956,pg_rewrite_rel_rulename_index,3338,AccessShareLock,t
1440051084.12956,pg_stat_activity,3336,AccessShareLock,t
1440051084.12956,pg_stat_all_indexes,3338,AccessShareLock,t
1440051084.12956,pg_stat_all_tables,3337,AccessShareLock,t
1440051084.12956,pg_stat_database,3335,AccessShareLock,t
1440051084.12956,pg_statio_all_tables,3337,AccessShareLock,t
1440051084.12956,pk_lineitem,3325,RowExclusiveLock,t
1440051144.13257,lineitem,3325,ShareUpdateExclusiveLock,t
1440051144.13257,lineitem_l_orderkey_idx,3325,RowExclusiveLock,t
1440051144.13257,lineitem_l_orderkey_idx_l_returnflag,3325,RowExclusiveLock,t
1440051144.13257,lineitem_l_orderkey_idx_part1,3325,RowExclusiveLock,t
1440051144.13257,lineitem_l_orderkey_idx_part2,3325,RowExclusiveLock,t
1440051144.13257,lineitem_l_orderkey_l_linenumber_l_shipdate_idx,3325,RowExclusiveLock,t
1440051144.13257,lineitem_l_partkey_l_quantity_l_shipmode_idx,3325,RowExclusiveLock,t
1440051144.13257,lineitem_l_shipdate_l_suppkey__idx,3325,RowExclusiveLock,t
1440051144.13257,pg_cast,3351,AccessShareLock,t
1440051144.13257,pg_cast_source_target_index,3351,AccessShareLock,t
1440051144.13257,pg_index,3347,AccessShareLock,t
1440051144.13257,pg_index,3350,AccessShareLock,t
1440051144.13257,pg_locks,3348,AccessShareLock,t
1440051144.13257,pg_namespace,3350,AccessShareLock,t
1440051144.13257,pg_stat_activity,3351,AccessShareLock,t
1440051144.13257,pg_stat_all_indexes,3350,AccessShareLock,t
1440051144.13257,pg_stat_all_tables,3347,AccessShareLock,t
1440051144.13257,pg_stat_database,3349,AccessShareLock,t
1440051144.13257,pg_statio_all_indexes,3350,AccessShareLock,t
1440051144.13257,pg_statio_all_tables,3347,AccessShareLock,t
1440051144.13257,pk_lineitem,3325,RowExclusiveLock,t
1440051204.13501,lineitem,3325,ShareUpdateExclusiveLock,t
1440051204.13501,lineitem_l_orderkey_idx,3325,RowExclusiveLock,t
1440051204.13501,lineitem_l_orderkey_idx_l_returnflag,3325,RowExclusiveLock,t
1440051204.13501,lineitem_l_orderkey_idx_part1,3325,RowExclusiveLock,t
1440051204.13501,lineitem_l_orderkey_idx_part2,3325,RowExclusiveLock,t
1440051204.13501,lineitem_l_orderkey_l_linenumber_l_shipdate_idx,3325,RowExclusiveLock,t
1440051204.13501,lineitem_l_partkey_l_quantity_l_shipmode_idx,3325,RowExclusiveLock,t
1440051204.13501,lineitem_l_shipdate_l_suppkey__idx,3325,RowExclusiveLock,t
1440051204.13501,pg_index,3363,AccessShareLock,t
1440051204.13501,pg_index,3364,AccessShareLock,t
1440051204.13501,pg_locks,3361,AccessShareLock,t
1440051204.13501,pg_stat_all_indexes,3363,AccessShareLock,t
1440051204.13501,pg_stat_all_tables,3364,AccessShareLock,t
1440051204.13501,pg_stat_database,3362,AccessShareLock,t
1440051204.13501,pg_statio_all_indexes,3363,AccessShareLock,t
1440051204.13501,pg_statio_all_tables,3364,AccessShareLock,t
1440051204.13501,pk_lineitem,3325,RowExclusiveLock,t
